turbine,representation,fpr,tpr,auroc,events
T11,standalone_gaf_pca6,0.0,0.0,0.49443750709501644,705
T11,standalone_gaf_pca6,0.0,0.0026109660574412533,0.49443750709501644,705
T11,standalone_gaf_pca6,0.0,0.033942558746736295,0.49443750709501644,705
T11,standalone_gaf_pca6,0.0,0.04177545691906005,0.49443750709501644,705
T11,standalone_gaf_pca6,0.0,0.06266318537859007,0.49443750709501644,705
T11,standalone_gaf_pca6,0.015527950310559006,0.06266318537859007,0.49443750709501644,705
T11,standalone_gaf_pca6,0.015527950310559006,0.06527415143603134,0.49443750709501644,705
T11,standalone_gaf_pca6,0.024844720496894408,0.06527415143603134,0.49443750709501644,705
T11,standalone_gaf_pca6,0.037267080745341616,0.06527415143603134,0.49443750709501644,705
T11,standalone_gaf_pca6,0.040372670807453416,0.06527415143603134,0.49443750709501644,705
T11,standalone_gaf_pca6,0.052795031055900624,0.06527415143603134,0.49443750709501644,705
T11,standalone_gaf_pca6,0.052795031055900624,0.08093994778067885,0.49443750709501644,705
T11,standalone_gaf_pca6,0.059006211180124224,0.08093994778067885,0.49443750709501644,705
T11,standalone_gaf_pca6,0.059006211180124224,0.09399477806788512,0.49443750709501644,705
T11,standalone_gaf_pca6,0.059006211180124224,0.09660574412532637,0.49443750709501644,705
T11,standalone_gaf_pca6,0.07453416149068323,0.09660574412532637,0.49443750709501644,705
T11,standalone_gaf_pca6,0.07763975155279502,0.09660574412532637,0.49443750709501644,705
T11,standalone_gaf_pca6,0.07763975155279502,0.10182767624020887,0.49443750709501644,705
T11,standalone_gaf_pca6,0.07763975155279502,0.10443864229765012,0.49443750709501644,705
T11,standalone_gaf_pca6,0.07763975155279502,0.11488250652741515,0.49443750709501644,705
T11,standalone_gaf_pca6,0.07763975155279502,0.12532637075718014,0.49443750709501644,705
T11,standalone_gaf_pca6,0.07763975155279502,0.13577023498694518,0.49443750709501644,705
T11,standalone_gaf_pca6,0.07763975155279502,0.14360313315926893,0.49443750709501644,705
T11,standalone_gaf_pca6,0.08074534161490683,0.14360313315926893,0.49443750709501644,705
T11,standalone_gaf_pca6,0.08074534161490683,0.14882506527415143,0.49443750709501644,705
T11,standalone_gaf_pca6,0.08074534161490683,0.15926892950391644,0.49443750709501644,705
T11,standalone_gaf_pca6,0.08074534161490683,0.16449086161879894,0.49443750709501644,705
T11,standalone_gaf_pca6,0.08385093167701864,0.16449086161879894,0.49443750709501644,705
T11,standalone_gaf_pca6,0.09627329192546584,0.16449086161879894,0.49443750709501644,705
T11,standalone_gaf_pca6,0.09627329192546584,0.16971279373368145,0.49443750709501644,705
T11,standalone_gaf_pca6,0.09937888198757763,0.16971279373368145,0.49443750709501644,705
T11,standalone_gaf_pca6,0.09937888198757763,0.1801566579634465,0.49443750709501644,705
T11,standalone_gaf_pca6,0.09937888198757763,0.18276762402088773,0.49443750709501644,705
T11,standalone_gaf_pca6,0.09937888198757763,0.19321148825065274,0.49443750709501644,705
T11,standalone_gaf_pca6,0.10248447204968944,0.19321148825065274,0.49443750709501644,705
T11,standalone_gaf_pca6,0.10248447204968944,0.19843342036553524,0.49443750709501644,705
T11,standalone_gaf_pca6,0.11801242236024845,0.19843342036553524,0.49443750709501644,705
T11,standalone_gaf_pca6,0.11801242236024845,0.2010443864229765,0.49443750709501644,705
T11,standalone_gaf_pca6,0.11801242236024845,0.206266318537859,0.49443750709501644,705
T11,standalone_gaf_pca6,0.11801242236024845,0.20887728459530025,0.49443750709501644,705
T11,standalone_gaf_pca6,0.12732919254658384,0.20887728459530025,0.49443750709501644,705
T11,standalone_gaf_pca6,0.12732919254658384,0.22193211488250653,0.49443750709501644,705
T11,standalone_gaf_pca6,0.13043478260869565,0.22193211488250653,0.49443750709501644,705
T11,standalone_gaf_pca6,0.14285714285714285,0.22193211488250653,0.49443750709501644,705
T11,standalone_gaf_pca6,0.14285714285714285,0.22715404699738903,0.49443750709501644,705
T11,standalone_gaf_pca6,0.14285714285714285,0.23237597911227154,0.49443750709501644,705
T11,standalone_gaf_pca6,0.14285714285714285,0.2349869451697128,0.49443750709501644,705
T11,standalone_gaf_pca6,0.14285714285714285,0.2402088772845953,0.49443750709501644,705
T11,standalone_gaf_pca6,0.14285714285714285,0.24804177545691905,0.49443750709501644,705
T11,standalone_gaf_pca6,0.15527950310559005,0.24804177545691905,0.49443750709501644,705
T11,standalone_gaf_pca6,0.15838509316770186,0.24804177545691905,0.49443750709501644,705
T11,standalone_gaf_pca6,0.15838509316770186,0.25326370757180156,0.49443750709501644,705
T11,standalone_gaf_pca6,0.16149068322981366,0.25326370757180156,0.49443750709501644,705
T11,standalone_gaf_pca6,0.16770186335403728,0.25326370757180156,0.49443750709501644,705
T11,standalone_gaf_pca6,0.16770186335403728,0.2584856396866841,0.49443750709501644,705
T11,standalone_gaf_pca6,0.17080745341614906,0.2584856396866841,0.49443750709501644,705
T11,standalone_gaf_pca6,0.18633540372670807,0.2584856396866841,0.49443750709501644,705
T11,standalone_gaf_pca6,0.18944099378881987,0.2584856396866841,0.49443750709501644,705
T11,standalone_gaf_pca6,0.18944099378881987,0.27154046997389036,0.49443750709501644,705
T11,standalone_gaf_pca6,0.20186335403726707,0.27154046997389036,0.49443750709501644,705
T11,standalone_gaf_pca6,0.2080745341614907,0.27154046997389036,0.49443750709501644,705
T11,standalone_gaf_pca6,0.2080745341614907,0.2898172323759791,0.49443750709501644,705
T11,standalone_gaf_pca6,0.2204968944099379,0.2898172323759791,0.49443750709501644,705
T11,standalone_gaf_pca6,0.2204968944099379,0.2924281984334204,0.49443750709501644,705
T11,standalone_gaf_pca6,0.2204968944099379,0.29765013054830286,0.49443750709501644,705
T11,standalone_gaf_pca6,0.2329192546583851,0.29765013054830286,0.49443750709501644,705
T11,standalone_gaf_pca6,0.2515527950310559,0.29765013054830286,0.49443750709501644,705
T11,standalone_gaf_pca6,0.27639751552795033,0.29765013054830286,0.49443750709501644,705
T11,standalone_gaf_pca6,0.27639751552795033,0.3002610966057441,0.49443750709501644,705
T11,standalone_gaf_pca6,0.2795031055900621,0.3002610966057441,0.49443750709501644,705
T11,standalone_gaf_pca6,0.2919254658385093,0.3002610966057441,0.49443750709501644,705
T11,standalone_gaf_pca6,0.2919254658385093,0.33159268929503916,0.49443750709501644,705
T11,standalone_gaf_pca6,0.2919254658385093,0.3342036553524804,0.49443750709501644,705
T11,standalone_gaf_pca6,0.2950310559006211,0.3342036553524804,0.49443750709501644,705
T11,standalone_gaf_pca6,0.30434782608695654,0.3342036553524804,0.49443750709501644,705
T11,standalone_gaf_pca6,0.30434782608695654,0.34203655352480417,0.49443750709501644,705
T11,standalone_gaf_pca6,0.3105590062111801,0.34203655352480417,0.49443750709501644,705
T11,standalone_gaf_pca6,0.3105590062111801,0.34986945169712796,0.49443750709501644,705
T11,standalone_gaf_pca6,0.3167701863354037,0.34986945169712796,0.49443750709501644,705
T11,standalone_gaf_pca6,0.32608695652173914,0.34986945169712796,0.49443750709501644,705
T11,standalone_gaf_pca6,0.32608695652173914,0.3524804177545692,0.49443750709501644,705
T11,standalone_gaf_pca6,0.33229813664596275,0.3524804177545692,0.49443750709501644,705
T11,standalone_gaf_pca6,0.33229813664596275,0.36553524804177545,0.49443750709501644,705
T11,standalone_gaf_pca6,0.33540372670807456,0.36553524804177545,0.49443750709501644,705
T11,standalone_gaf_pca6,0.3447204968944099,0.36553524804177545,0.49443750709501644,705
T11,standalone_gaf_pca6,0.34782608695652173,0.36553524804177545,0.49443750709501644,705
T11,standalone_gaf_pca6,0.36024844720496896,0.36553524804177545,0.49443750709501644,705
T11,standalone_gaf_pca6,0.36024844720496896,0.3733681462140992,0.49443750709501644,705
T11,standalone_gaf_pca6,0.36024844720496896,0.37597911227154046,0.49443750709501644,705
T11,standalone_gaf_pca6,0.36024844720496896,0.381201044386423,0.49443750709501644,705
T11,standalone_gaf_pca6,0.36645962732919257,0.381201044386423,0.49443750709501644,705
T11,standalone_gaf_pca6,0.36645962732919257,0.3838120104438642,0.49443750709501644,705
T11,standalone_gaf_pca6,0.37888198757763975,0.3838120104438642,0.49443750709501644,705
T11,standalone_gaf_pca6,0.37888198757763975,0.38642297650130547,0.49443750709501644,705
T11,standalone_gaf_pca6,0.38198757763975155,0.38642297650130547,0.49443750709501644,705
T11,standalone_gaf_pca6,0.391304347826087,0.38642297650130547,0.49443750709501644,705
T11,standalone_gaf_pca6,0.40372670807453415,0.38642297650130547,0.49443750709501644,705
T11,standalone_gaf_pca6,0.41304347826086957,0.38642297650130547,0.49443750709501644,705
T11,standalone_gaf_pca6,0.41304347826086957,0.3968668407310705,0.49443750709501644,705
T11,standalone_gaf_pca6,0.4254658385093168,0.3968668407310705,0.49443750709501644,705
T11,standalone_gaf_pca6,0.4254658385093168,0.39947780678851175,0.49443750709501644,705
T11,standalone_gaf_pca6,0.4254658385093168,0.40992167101827676,0.49443750709501644,705
T11,standalone_gaf_pca6,0.42857142857142855,0.40992167101827676,0.49443750709501644,705
T11,standalone_gaf_pca6,0.43788819875776397,0.40992167101827676,0.49443750709501644,705
T11,standalone_gaf_pca6,0.4409937888198758,0.40992167101827676,0.49443750709501644,705
T11,standalone_gaf_pca6,0.45962732919254656,0.40992167101827676,0.49443750709501644,705
T11,standalone_gaf_pca6,0.46273291925465837,0.40992167101827676,0.49443750709501644,705
T11,standalone_gaf_pca6,0.46273291925465837,0.412532637075718,0.49443750709501644,705
T11,standalone_gaf_pca6,0.48757763975155277,0.412532637075718,0.49443750709501644,705
T11,standalone_gaf_pca6,0.4906832298136646,0.412532637075718,0.49443750709501644,705
T11,standalone_gaf_pca6,0.5031055900621118,0.412532637075718,0.49443750709501644,705
T11,standalone_gaf_pca6,0.5031055900621118,0.42297650130548303,0.49443750709501644,705
T11,standalone_gaf_pca6,0.5031055900621118,0.4412532637075718,0.49443750709501644,705
T11,standalone_gaf_pca6,0.5031055900621118,0.4464751958224543,0.49443750709501644,705
T11,standalone_gaf_pca6,0.5031055900621118,0.4490861618798956,0.49443750709501644,705
T11,standalone_gaf_pca6,0.5031055900621118,0.45430809399477806,0.49443750709501644,705
T11,standalone_gaf_pca6,0.5062111801242236,0.45430809399477806,0.49443750709501644,705
T11,standalone_gaf_pca6,0.5279503105590062,0.45430809399477806,0.49443750709501644,705
T11,standalone_gaf_pca6,0.531055900621118,0.45430809399477806,0.49443750709501644,705
T11,standalone_gaf_pca6,0.5434782608695652,0.45430809399477806,0.49443750709501644,705
T11,standalone_gaf_pca6,0.5434782608695652,0.45691906005221933,0.49443750709501644,705
T11,standalone_gaf_pca6,0.5434782608695652,0.46475195822454307,0.49443750709501644,705
T11,standalone_gaf_pca6,0.5496894409937888,0.46475195822454307,0.49443750709501644,705
T11,standalone_gaf_pca6,0.5496894409937888,0.4751958224543081,0.49443750709501644,705
T11,standalone_gaf_pca6,0.5559006211180124,0.4751958224543081,0.49443750709501644,705
T11,standalone_gaf_pca6,0.5559006211180124,0.4856396866840731,0.49443750709501644,705
T11,standalone_gaf_pca6,0.5559006211180124,0.4908616187989556,0.49443750709501644,705
T11,standalone_gaf_pca6,0.5559006211180124,0.4934725848563969,0.49443750709501644,705
T11,standalone_gaf_pca6,0.5590062111801242,0.4934725848563969,0.49443750709501644,705
T11,standalone_gaf_pca6,0.5714285714285714,0.4934725848563969,0.49443750709501644,705
T11,standalone_gaf_pca6,0.5714285714285714,0.4960835509138381,0.49443750709501644,705
T11,standalone_gaf_pca6,0.5745341614906833,0.4960835509138381,0.49443750709501644,705
T11,standalone_gaf_pca6,0.5745341614906833,0.49869451697127937,0.49443750709501644,705
T11,standalone_gaf_pca6,0.5745341614906833,0.5091383812010444,0.49443750709501644,705
T11,standalone_gaf_pca6,0.5807453416149069,0.5091383812010444,0.49443750709501644,705
T11,standalone_gaf_pca6,0.5807453416149069,0.5169712793733682,0.49443750709501644,705
T11,standalone_gaf_pca6,0.5807453416149069,0.5221932114882507,0.49443750709501644,705
T11,standalone_gaf_pca6,0.5869565217391305,0.5221932114882507,0.49443750709501644,705
T11,standalone_gaf_pca6,0.5869565217391305,0.5248041775456919,0.49443750709501644,705
T11,standalone_gaf_pca6,0.5993788819875776,0.5248041775456919,0.49443750709501644,705
T11,standalone_gaf_pca6,0.6024844720496895,0.5248041775456919,0.49443750709501644,705
T11,standalone_gaf_pca6,0.6024844720496895,0.5456919060052219,0.49443750709501644,705
T11,standalone_gaf_pca6,0.6024844720496895,0.5483028720626631,0.49443750709501644,705
T11,standalone_gaf_pca6,0.6118012422360248,0.5483028720626631,0.49443750709501644,705
T11,standalone_gaf_pca6,0.6118012422360248,0.5535248041775457,0.49443750709501644,705
T11,standalone_gaf_pca6,0.6242236024844721,0.5535248041775457,0.49443750709501644,705
T11,standalone_gaf_pca6,0.6335403726708074,0.5535248041775457,0.49443750709501644,705
T11,standalone_gaf_pca6,0.6459627329192547,0.5535248041775457,0.49443750709501644,705
T11,standalone_gaf_pca6,0.6521739130434783,0.5535248041775457,0.49443750709501644,705
T11,standalone_gaf_pca6,0.6614906832298136,0.5535248041775457,0.49443750709501644,705
T11,standalone_gaf_pca6,0.6614906832298136,0.5639686684073107,0.49443750709501644,705
T11,standalone_gaf_pca6,0.6614906832298136,0.566579634464752,0.49443750709501644,705
T11,standalone_gaf_pca6,0.6614906832298136,0.5718015665796344,0.49443750709501644,705
T11,standalone_gaf_pca6,0.6614906832298136,0.5822454308093995,0.49443750709501644,705
T11,standalone_gaf_pca6,0.6739130434782609,0.5822454308093995,0.49443750709501644,705
T11,standalone_gaf_pca6,0.6739130434782609,0.5900783289817232,0.49443750709501644,705
T11,standalone_gaf_pca6,0.6739130434782609,0.5953002610966057,0.49443750709501644,705
T11,standalone_gaf_pca6,0.6739130434782609,0.597911227154047,0.49443750709501644,705
T11,standalone_gaf_pca6,0.6739130434782609,0.608355091383812,0.49443750709501644,705
T11,standalone_gaf_pca6,0.6739130434782609,0.6109660574412533,0.49443750709501644,705
T11,standalone_gaf_pca6,0.6832298136645962,0.6109660574412533,0.49443750709501644,705
T11,standalone_gaf_pca6,0.6832298136645962,0.6135770234986945,0.49443750709501644,705
T11,standalone_gaf_pca6,0.6956521739130435,0.6135770234986945,0.49443750709501644,705
T11,standalone_gaf_pca6,0.6987577639751553,0.6135770234986945,0.49443750709501644,705
T11,standalone_gaf_pca6,0.7049689440993789,0.6135770234986945,0.49443750709501644,705
T11,standalone_gaf_pca6,0.7049689440993789,0.6161879895561357,0.49443750709501644,705
T11,standalone_gaf_pca6,0.7049689440993789,0.6214099216710183,0.49443750709501644,705
T11,standalone_gaf_pca6,0.7049689440993789,0.6292428198433421,0.49443750709501644,705
T11,standalone_gaf_pca6,0.7111801242236024,0.6292428198433421,0.49443750709501644,705
T11,standalone_gaf_pca6,0.7111801242236024,0.6370757180156658,0.49443750709501644,705
T11,standalone_gaf_pca6,0.717391304347826,0.6370757180156658,0.49443750709501644,705
T11,standalone_gaf_pca6,0.717391304347826,0.6449086161879896,0.49443750709501644,705
T11,standalone_gaf_pca6,0.717391304347826,0.6553524804177546,0.49443750709501644,705
T11,standalone_gaf_pca6,0.7329192546583851,0.6553524804177546,0.49443750709501644,705
T11,standalone_gaf_pca6,0.7360248447204969,0.6553524804177546,0.49443750709501644,705
T11,standalone_gaf_pca6,0.7360248447204969,0.6631853785900783,0.49443750709501644,705
T11,standalone_gaf_pca6,0.7360248447204969,0.6657963446475196,0.49443750709501644,705
T11,standalone_gaf_pca6,0.7360248447204969,0.6762402088772846,0.49443750709501644,705
T11,standalone_gaf_pca6,0.7360248447204969,0.6814621409921671,0.49443750709501644,705
T11,standalone_gaf_pca6,0.7360248447204969,0.7023498694516971,0.49443750709501644,705
T11,standalone_gaf_pca6,0.7391304347826086,0.7023498694516971,0.49443750709501644,705
T11,standalone_gaf_pca6,0.7515527950310559,0.7023498694516971,0.49443750709501644,705
T11,standalone_gaf_pca6,0.7515527950310559,0.7075718015665796,0.49443750709501644,705
T11,standalone_gaf_pca6,0.7515527950310559,0.7101827676240209,0.49443750709501644,705
T11,standalone_gaf_pca6,0.7546583850931677,0.7101827676240209,0.49443750709501644,705
T11,standalone_gaf_pca6,0.7608695652173914,0.7101827676240209,0.49443750709501644,705
T11,standalone_gaf_pca6,0.7608695652173914,0.720626631853786,0.49443750709501644,705
T11,standalone_gaf_pca6,0.7608695652173914,0.7232375979112271,0.49443750709501644,705
T11,standalone_gaf_pca6,0.7639751552795031,0.7232375979112271,0.49443750709501644,705
T11,standalone_gaf_pca6,0.7639751552795031,0.7258485639686684,0.49443750709501644,705
T11,standalone_gaf_pca6,0.7670807453416149,0.7258485639686684,0.49443750709501644,705
T11,standalone_gaf_pca6,0.782608695652174,0.7258485639686684,0.49443750709501644,705
T11,standalone_gaf_pca6,0.782608695652174,0.7362924281984334,0.49443750709501644,705
T11,standalone_gaf_pca6,0.782608695652174,0.7441253263707572,0.49443750709501644,705
T11,standalone_gaf_pca6,0.782608695652174,0.7545691906005222,0.49443750709501644,705
T11,standalone_gaf_pca6,0.782608695652174,0.7597911227154047,0.49443750709501644,705
T11,standalone_gaf_pca6,0.7857142857142857,0.7597911227154047,0.49443750709501644,705
T11,standalone_gaf_pca6,0.7857142857142857,0.7650130548302873,0.49443750709501644,705
T11,standalone_gaf_pca6,0.7857142857142857,0.7676240208877284,0.49443750709501644,705
T11,standalone_gaf_pca6,0.7888198757763976,0.7676240208877284,0.49443750709501644,705
T11,standalone_gaf_pca6,0.7888198757763976,0.7728459530026109,0.49443750709501644,705
T11,standalone_gaf_pca6,0.7888198757763976,0.7859007832898173,0.49443750709501644,705
T11,standalone_gaf_pca6,0.7888198757763976,0.793733681462141,0.49443750709501644,705
T11,standalone_gaf_pca6,0.8012422360248447,0.793733681462141,0.49443750709501644,705
T11,standalone_gaf_pca6,0.8043478260869565,0.793733681462141,0.49443750709501644,705
T11,standalone_gaf_pca6,0.8260869565217391,0.793733681462141,0.49443750709501644,705
T11,standalone_gaf_pca6,0.8260869565217391,0.7963446475195822,0.49443750709501644,705
T11,standalone_gaf_pca6,0.8385093167701864,0.7963446475195822,0.49443750709501644,705
T11,standalone_gaf_pca6,0.8385093167701864,0.7989556135770235,0.49443750709501644,705
T11,standalone_gaf_pca6,0.8416149068322981,0.7989556135770235,0.49443750709501644,705
T11,standalone_gaf_pca6,0.8416149068322981,0.804177545691906,0.49443750709501644,705
T11,standalone_gaf_pca6,0.8416149068322981,0.8093994778067886,0.49443750709501644,705
T11,standalone_gaf_pca6,0.84472049689441,0.8093994778067886,0.49443750709501644,705
T11,standalone_gaf_pca6,0.84472049689441,0.814621409921671,0.49443750709501644,705
T11,standalone_gaf_pca6,0.84472049689441,0.825065274151436,0.49443750709501644,705
T11,standalone_gaf_pca6,0.8571428571428571,0.825065274151436,0.49443750709501644,705
T11,standalone_gaf_pca6,0.8571428571428571,0.8302872062663186,0.49443750709501644,705
T11,standalone_gaf_pca6,0.8571428571428571,0.8328981723237598,0.49443750709501644,705
T11,standalone_gaf_pca6,0.860248447204969,0.8328981723237598,0.49443750709501644,705
T11,standalone_gaf_pca6,0.860248447204969,0.8407310704960835,0.49443750709501644,705
T11,standalone_gaf_pca6,0.8633540372670807,0.8407310704960835,0.49443750709501644,705
T11,standalone_gaf_pca6,0.8633540372670807,0.8433420365535248,0.49443750709501644,705
T11,standalone_gaf_pca6,0.8633540372670807,0.8537859007832899,0.49443750709501644,705
T11,standalone_gaf_pca6,0.8664596273291926,0.8537859007832899,0.49443750709501644,705
T11,standalone_gaf_pca6,0.8664596273291926,0.8642297650130548,0.49443750709501644,705
T11,standalone_gaf_pca6,0.8726708074534162,0.8642297650130548,0.49443750709501644,705
T11,standalone_gaf_pca6,0.8726708074534162,0.8668407310704961,0.49443750709501644,705
T11,standalone_gaf_pca6,0.8819875776397516,0.8668407310704961,0.49443750709501644,705
T11,standalone_gaf_pca6,0.8850931677018633,0.8668407310704961,0.49443750709501644,705
T11,standalone_gaf_pca6,0.8850931677018633,0.8720626631853786,0.49443750709501644,705
T11,standalone_gaf_pca6,0.8881987577639752,0.8720626631853786,0.49443750709501644,705
T11,standalone_gaf_pca6,0.8881987577639752,0.8746736292428199,0.49443750709501644,705
T11,standalone_gaf_pca6,0.8881987577639752,0.8798955613577023,0.49443750709501644,705
T11,standalone_gaf_pca6,0.8881987577639752,0.8825065274151436,0.49443750709501644,705
T11,standalone_gaf_pca6,0.8881987577639752,0.8929503916449086,0.49443750709501644,705
T11,standalone_gaf_pca6,0.8913043478260869,0.8929503916449086,0.49443750709501644,705
T11,standalone_gaf_pca6,0.8913043478260869,0.8955613577023499,0.49443750709501644,705
T11,standalone_gaf_pca6,0.8913043478260869,0.9060052219321149,0.49443750709501644,705
T11,standalone_gaf_pca6,0.8975155279503105,0.9060052219321149,0.49443750709501644,705
T11,standalone_gaf_pca6,0.8975155279503105,0.9086161879895561,0.49443750709501644,705
T11,standalone_gaf_pca6,0.9037267080745341,0.9086161879895561,0.49443750709501644,705
T11,standalone_gaf_pca6,0.9037267080745341,0.9112271540469974,0.49443750709501644,705
T11,standalone_gaf_pca6,0.9037267080745341,0.9216710182767625,0.49443750709501644,705
T11,standalone_gaf_pca6,0.9192546583850931,0.9216710182767625,0.49443750709501644,705
T11,standalone_gaf_pca6,0.9192546583850931,0.9321148825065274,0.49443750709501644,705
T11,standalone_gaf_pca6,0.9254658385093167,0.9321148825065274,0.49443750709501644,705
T11,standalone_gaf_pca6,0.9254658385093167,0.9373368146214099,0.49443750709501644,705
T11,standalone_gaf_pca6,0.9316770186335404,0.9373368146214099,0.49443750709501644,705
T11,standalone_gaf_pca6,0.9316770186335404,0.9425587467362925,0.49443750709501644,705
T11,standalone_gaf_pca6,0.9316770186335404,0.9503916449086162,0.49443750709501644,705
T11,standalone_gaf_pca6,0.9316770186335404,0.95822454308094,0.49443750709501644,705
T11,standalone_gaf_pca6,0.937888198757764,0.95822454308094,0.49443750709501644,705
T11,standalone_gaf_pca6,0.9409937888198758,0.95822454308094,0.49443750709501644,705
T11,standalone_gaf_pca6,0.9409937888198758,0.9608355091383812,0.49443750709501644,705
T11,standalone_gaf_pca6,0.9409937888198758,0.9660574412532638,0.49443750709501644,705
T11,standalone_gaf_pca6,0.9472049689440993,0.9660574412532638,0.49443750709501644,705
T11,standalone_gaf_pca6,0.9565217391304348,0.9660574412532638,0.49443750709501644,705
T11,standalone_gaf_pca6,0.9627329192546584,0.9660574412532638,0.49443750709501644,705
T11,standalone_gaf_pca6,0.9720496894409938,0.9660574412532638,0.49443750709501644,705
T11,standalone_gaf_pca6,0.9720496894409938,0.9686684073107049,0.49443750709501644,705
T11,standalone_gaf_pca6,0.9720496894409938,0.9738903394255874,0.49443750709501644,705
T11,standalone_gaf_pca6,0.9720496894409938,0.9843342036553525,0.49443750709501644,705
T11,standalone_gaf_pca6,0.9720496894409938,0.9895561357702349,0.49443750709501644,705
T11,standalone_gaf_pca6,0.9751552795031055,0.9895561357702349,0.49443750709501644,705
T11,standalone_gaf_pca6,0.9813664596273292,0.9895561357702349,0.49443750709501644,705
T11,standalone_gaf_pca6,0.9875776397515528,0.9895561357702349,0.49443750709501644,705
T11,standalone_gaf_pca6,0.9875776397515528,0.9973890339425587,0.49443750709501644,705
T11,standalone_gaf_pca6,0.9875776397515528,1.0,0.49443750709501644,705
T11,standalone_gaf_pca6,0.9968944099378882,1.0,0.49443750709501644,705
T11,standalone_gaf_pca6,1.0,1.0,0.49443750709501644,705
T11,standalone_gaf_bit6,0.0,0.0,0.8899907562071259,705
T11,standalone_gaf_bit6,0.0,0.0026109660574412533,0.8899907562071259,705
T11,standalone_gaf_bit6,0.0,0.007832898172323759,0.8899907562071259,705
T11,standalone_gaf_bit6,0.0,0.018276762402088774,0.8899907562071259,705
T11,standalone_gaf_bit6,0.0,0.028720626631853787,0.8899907562071259,705
T11,standalone_gaf_bit6,0.0,0.03655352480417755,0.8899907562071259,705
T11,standalone_gaf_bit6,0.0,0.04177545691906005,0.8899907562071259,705
T11,standalone_gaf_bit6,0.0,0.05221932114882506,0.8899907562071259,705
T11,standalone_gaf_bit6,0.0,0.06527415143603134,0.8899907562071259,705
T11,standalone_gaf_bit6,0.0,0.07049608355091384,0.8899907562071259,705
T11,standalone_gaf_bit6,0.0,0.0731070496083551,0.8899907562071259,705
T11,standalone_gaf_bit6,0.0,0.0835509138381201,0.8899907562071259,705
T11,standalone_gaf_bit6,0.0,0.08616187989556136,0.8899907562071259,705
T11,standalone_gaf_bit6,0.0,0.09138381201044386,0.8899907562071259,705
T11,standalone_gaf_bit6,0.0,0.09399477806788512,0.8899907562071259,705
T11,standalone_gaf_bit6,0.0,0.10443864229765012,0.8899907562071259,705
T11,standalone_gaf_bit6,0.0,0.10704960835509138,0.8899907562071259,705
T11,standalone_gaf_bit6,0.0,0.1174934725848564,0.8899907562071259,705
T11,standalone_gaf_bit6,0.0,0.1227154046997389,0.8899907562071259,705
T11,standalone_gaf_bit6,0.0,0.13054830287206268,0.8899907562071259,705
T11,standalone_gaf_bit6,0.0,0.13315926892950392,0.8899907562071259,705
T11,standalone_gaf_bit6,0.0,0.13838120104438642,0.8899907562071259,705
T11,standalone_gaf_bit6,0.0,0.1514360313315927,0.8899907562071259,705
T11,standalone_gaf_bit6,0.0,0.1566579634464752,0.8899907562071259,705
T11,standalone_gaf_bit6,0.0,0.1671018276762402,0.8899907562071259,705
T11,standalone_gaf_bit6,0.0,0.17232375979112272,0.8899907562071259,705
T11,standalone_gaf_bit6,0.0,0.17754569190600522,0.8899907562071259,705
T11,standalone_gaf_bit6,0.0,0.185378590078329,0.8899907562071259,705
T11,standalone_gaf_bit6,0.0,0.18798955613577023,0.8899907562071259,705
T11,standalone_gaf_bit6,0.0,0.19843342036553524,0.8899907562071259,705
T11,standalone_gaf_bit6,0.0,0.20365535248041775,0.8899907562071259,705
T11,standalone_gaf_bit6,0.0,0.2193211488250653,0.8899907562071259,705
T11,standalone_gaf_bit6,0.0,0.2245430809399478,0.8899907562071259,705
T11,standalone_gaf_bit6,0.0,0.2297650130548303,0.8899907562071259,705
T11,standalone_gaf_bit6,0.0,0.2349869451697128,0.8899907562071259,705
T11,standalone_gaf_bit6,0.0,0.23759791122715404,0.8899907562071259,705
T11,standalone_gaf_bit6,0.0,0.25326370757180156,0.8899907562071259,705
T11,standalone_gaf_bit6,0.0,0.2741514360313316,0.8899907562071259,705
T11,standalone_gaf_bit6,0.0,0.2793733681462141,0.8899907562071259,705
T11,standalone_gaf_bit6,0.0,0.28720626631853785,0.8899907562071259,705
T11,standalone_gaf_bit6,0.0,0.2924281984334204,0.8899907562071259,705
T11,standalone_gaf_bit6,0.0,0.3028720626631854,0.8899907562071259,705
T11,standalone_gaf_bit6,0.0,0.3133159268929504,0.8899907562071259,705
T11,standalone_gaf_bit6,0.0,0.3185378590078329,0.8899907562071259,705
T11,standalone_gaf_bit6,0.0,0.3289817232375979,0.8899907562071259,705
T11,standalone_gaf_bit6,0.0,0.3342036553524804,0.8899907562071259,705
T11,standalone_gaf_bit6,0.0,0.3368146214099217,0.8899907562071259,705
T11,standalone_gaf_bit6,0.0,0.34203655352480417,0.8899907562071259,705
T11,standalone_gaf_bit6,0.0,0.34464751958224543,0.8899907562071259,705
T11,standalone_gaf_bit6,0.0,0.35509138381201044,0.8899907562071259,705
T11,standalone_gaf_bit6,0.0,0.3629242819843342,0.8899907562071259,705
T11,standalone_gaf_bit6,0.0,0.3733681462140992,0.8899907562071259,705
T11,standalone_gaf_bit6,0.0,0.37597911227154046,0.8899907562071259,705
T11,standalone_gaf_bit6,0.0,0.38642297650130547,0.8899907562071259,705
T11,standalone_gaf_bit6,0.0,0.38903394255874674,0.8899907562071259,705
T11,standalone_gaf_bit6,0.0,0.39425587467362927,0.8899907562071259,705
T11,standalone_gaf_bit6,0.0,0.402088772845953,0.8899907562071259,705
T11,standalone_gaf_bit6,0.0,0.42297650130548303,0.8899907562071259,705
T11,standalone_gaf_bit6,0.0,0.4281984334203655,0.8899907562071259,705
T11,standalone_gaf_bit6,0.0,0.4360313315926893,0.8899907562071259,705
T11,standalone_gaf_bit6,0.0,0.44386422976501305,0.8899907562071259,705
T11,standalone_gaf_bit6,0.0,0.4490861618798956,0.8899907562071259,705
T11,standalone_gaf_bit6,0.0,0.4595300261096606,0.8899907562071259,705
T11,standalone_gaf_bit6,0.0,0.4621409921671018,0.8899907562071259,705
T11,standalone_gaf_bit6,0.0,0.4725848563968668,0.8899907562071259,705
T11,standalone_gaf_bit6,0.003105590062111801,0.4725848563968668,0.8899907562071259,705
T11,standalone_gaf_bit6,0.003105590062111801,0.4934725848563969,0.8899907562071259,705
T11,standalone_gaf_bit6,0.009316770186335404,0.4934725848563969,0.8899907562071259,705
T11,standalone_gaf_bit6,0.009316770186335404,0.49869451697127937,0.8899907562071259,705
T11,standalone_gaf_bit6,0.009316770186335404,0.5065274151436031,0.8899907562071259,705
T11,standalone_gaf_bit6,0.009316770186335404,0.5091383812010444,0.8899907562071259,705
T11,standalone_gaf_bit6,0.009316770186335404,0.5195822454308094,0.8899907562071259,705
T11,standalone_gaf_bit6,0.009316770186335404,0.5221932114882507,0.8899907562071259,705
T11,standalone_gaf_bit6,0.009316770186335404,0.5300261096605744,0.8899907562071259,705
T11,standalone_gaf_bit6,0.009316770186335404,0.5352480417754569,0.8899907562071259,705
T11,standalone_gaf_bit6,0.009316770186335404,0.5378590078328982,0.8899907562071259,705
T11,standalone_gaf_bit6,0.009316770186335404,0.5483028720626631,0.8899907562071259,705
T11,standalone_gaf_bit6,0.009316770186335404,0.5509138381201044,0.8899907562071259,705
T11,standalone_gaf_bit6,0.009316770186335404,0.5613577023498695,0.8899907562071259,705
T11,standalone_gaf_bit6,0.009316770186335404,0.5691906005221932,0.8899907562071259,705
T11,standalone_gaf_bit6,0.009316770186335404,0.5848563968668408,0.8899907562071259,705
T11,standalone_gaf_bit6,0.009316770186335404,0.587467362924282,0.8899907562071259,705
T11,standalone_gaf_bit6,0.009316770186335404,0.5953002610966057,0.8899907562071259,705
T11,standalone_gaf_bit6,0.015527950310559006,0.5953002610966057,0.8899907562071259,705
T11,standalone_gaf_bit6,0.018633540372670808,0.5953002610966057,0.8899907562071259,705
T11,standalone_gaf_bit6,0.018633540372670808,0.6031331592689295,0.8899907562071259,705
T11,standalone_gaf_bit6,0.021739130434782608,0.6031331592689295,0.8899907562071259,705
T11,standalone_gaf_bit6,0.021739130434782608,0.608355091383812,0.8899907562071259,705
T11,standalone_gaf_bit6,0.021739130434782608,0.6135770234986945,0.8899907562071259,705
T11,standalone_gaf_bit6,0.021739130434782608,0.6240208877284595,0.8899907562071259,705
T11,standalone_gaf_bit6,0.021739130434782608,0.6292428198433421,0.8899907562071259,705
T11,standalone_gaf_bit6,0.021739130434782608,0.6422976501305483,0.8899907562071259,705
T11,standalone_gaf_bit6,0.034161490683229816,0.6422976501305483,0.8899907562071259,705
T11,standalone_gaf_bit6,0.040372670807453416,0.6422976501305483,0.8899907562071259,705
T11,standalone_gaf_bit6,0.049689440993788817,0.6422976501305483,0.8899907562071259,705
T11,standalone_gaf_bit6,0.049689440993788817,0.6449086161879896,0.8899907562071259,705
T11,standalone_gaf_bit6,0.049689440993788817,0.660574412532637,0.8899907562071259,705
T11,standalone_gaf_bit6,0.049689440993788817,0.6657963446475196,0.8899907562071259,705
T11,standalone_gaf_bit6,0.049689440993788817,0.6684073107049608,0.8899907562071259,705
T11,standalone_gaf_bit6,0.055900621118012424,0.6684073107049608,0.8899907562071259,705
T11,standalone_gaf_bit6,0.055900621118012424,0.6788511749347258,0.8899907562071259,705
T11,standalone_gaf_bit6,0.06521739130434782,0.6788511749347258,0.8899907562071259,705
T11,standalone_gaf_bit6,0.06521739130434782,0.6814621409921671,0.8899907562071259,705
T11,standalone_gaf_bit6,0.06521739130434782,0.6866840731070496,0.8899907562071259,705
T11,standalone_gaf_bit6,0.07763975155279502,0.6866840731070496,0.8899907562071259,705
T11,standalone_gaf_bit6,0.09006211180124224,0.6866840731070496,0.8899907562071259,705
T11,standalone_gaf_bit6,0.09316770186335403,0.6866840731070496,0.8899907562071259,705
T11,standalone_gaf_bit6,0.09316770186335403,0.6892950391644909,0.8899907562071259,705
T11,standalone_gaf_bit6,0.09316770186335403,0.6945169712793734,0.8899907562071259,705
T11,standalone_gaf_bit6,0.10559006211180125,0.6945169712793734,0.8899907562071259,705
T11,standalone_gaf_bit6,0.10559006211180125,0.7101827676240209,0.8899907562071259,705
T11,standalone_gaf_bit6,0.10559006211180125,0.7127937336814621,0.8899907562071259,705
T11,standalone_gaf_bit6,0.10559006211180125,0.7232375979112271,0.8899907562071259,705
T11,standalone_gaf_bit6,0.12111801242236025,0.7232375979112271,0.8899907562071259,705
T11,standalone_gaf_bit6,0.12111801242236025,0.7258485639686684,0.8899907562071259,705
T11,standalone_gaf_bit6,0.12732919254658384,0.7258485639686684,0.8899907562071259,705
T11,standalone_gaf_bit6,0.12732919254658384,0.7284595300261096,0.8899907562071259,705
T11,standalone_gaf_bit6,0.13043478260869565,0.7284595300261096,0.8899907562071259,705
T11,standalone_gaf_bit6,0.13043478260869565,0.7389033942558747,0.8899907562071259,705
T11,standalone_gaf_bit6,0.13043478260869565,0.7519582245430809,0.8899907562071259,705
T11,standalone_gaf_bit6,0.13354037267080746,0.7519582245430809,0.8899907562071259,705
T11,standalone_gaf_bit6,0.14596273291925466,0.7519582245430809,0.8899907562071259,705
T11,standalone_gaf_bit6,0.14596273291925466,0.7545691906005222,0.8899907562071259,705
T11,standalone_gaf_bit6,0.15217391304347827,0.7545691906005222,0.8899907562071259,705
T11,standalone_gaf_bit6,0.16149068322981366,0.7545691906005222,0.8899907562071259,705
T11,standalone_gaf_bit6,0.16770186335403728,0.7545691906005222,0.8899907562071259,705
T11,standalone_gaf_bit6,0.18322981366459629,0.7545691906005222,0.8899907562071259,705
T11,standalone_gaf_bit6,0.1956521739130435,0.7545691906005222,0.8899907562071259,705
T11,standalone_gaf_bit6,0.19875776397515527,0.7545691906005222,0.8899907562071259,705
T11,standalone_gaf_bit6,0.19875776397515527,0.7597911227154047,0.8899907562071259,705
T11,standalone_gaf_bit6,0.19875776397515527,0.7702349869451697,0.8899907562071259,705
T11,standalone_gaf_bit6,0.21428571428571427,0.7702349869451697,0.8899907562071259,705
T11,standalone_gaf_bit6,0.21739130434782608,0.7702349869451697,0.8899907562071259,705
T11,standalone_gaf_bit6,0.2267080745341615,0.7702349869451697,0.8899907562071259,705
T11,standalone_gaf_bit6,0.2391304347826087,0.7702349869451697,0.8899907562071259,705
T11,standalone_gaf_bit6,0.2453416149068323,0.7702349869451697,0.8899907562071259,705
T11,standalone_gaf_bit6,0.2453416149068323,0.7754569190600522,0.8899907562071259,705
T11,standalone_gaf_bit6,0.2515527950310559,0.7754569190600522,0.8899907562071259,705
T11,standalone_gaf_bit6,0.2515527950310559,0.7859007832898173,0.8899907562071259,705
T11,standalone_gaf_bit6,0.2515527950310559,0.804177545691906,0.8899907562071259,705
T11,standalone_gaf_bit6,0.2546583850931677,0.804177545691906,0.8899907562071259,705
T11,standalone_gaf_bit6,0.2546583850931677,0.8067885117493473,0.8899907562071259,705
T11,standalone_gaf_bit6,0.2546583850931677,0.825065274151436,0.8899907562071259,705
T11,standalone_gaf_bit6,0.2546583850931677,0.8407310704960835,0.8899907562071259,705
T11,standalone_gaf_bit6,0.2577639751552795,0.8407310704960835,0.8899907562071259,705
T11,standalone_gaf_bit6,0.2639751552795031,0.8407310704960835,0.8899907562071259,705
T11,standalone_gaf_bit6,0.2639751552795031,0.8459530026109661,0.8899907562071259,705
T11,standalone_gaf_bit6,0.2670807453416149,0.8459530026109661,0.8899907562071259,705
T11,standalone_gaf_bit6,0.2670807453416149,0.8485639686684073,0.8899907562071259,705
T11,standalone_gaf_bit6,0.2701863354037267,0.8485639686684073,0.8899907562071259,705
T11,standalone_gaf_bit6,0.2795031055900621,0.8485639686684073,0.8899907562071259,705
T11,standalone_gaf_bit6,0.2826086956521739,0.8485639686684073,0.8899907562071259,705
T11,standalone_gaf_bit6,0.2826086956521739,0.8590078328981723,0.8899907562071259,705
T11,standalone_gaf_bit6,0.2888198757763975,0.8590078328981723,0.8899907562071259,705
T11,standalone_gaf_bit6,0.2950310559006211,0.8590078328981723,0.8899907562071259,705
T11,standalone_gaf_bit6,0.30745341614906835,0.8590078328981723,0.8899907562071259,705
T11,standalone_gaf_bit6,0.30745341614906835,0.8616187989556136,0.8899907562071259,705
T11,standalone_gaf_bit6,0.33229813664596275,0.8616187989556136,0.8899907562071259,705
T11,standalone_gaf_bit6,0.35714285714285715,0.8616187989556136,0.8899907562071259,705
T11,standalone_gaf_bit6,0.35714285714285715,0.8642297650130548,0.8899907562071259,705
T11,standalone_gaf_bit6,0.35714285714285715,0.8694516971279374,0.8899907562071259,705
T11,standalone_gaf_bit6,0.3695652173913043,0.8694516971279374,0.8899907562071259,705
T11,standalone_gaf_bit6,0.37267080745341613,0.8694516971279374,0.8899907562071259,705
T11,standalone_gaf_bit6,0.37267080745341613,0.8720626631853786,0.8899907562071259,705
T11,standalone_gaf_bit6,0.37267080745341613,0.8825065274151436,0.8899907562071259,705
T11,standalone_gaf_bit6,0.37267080745341613,0.8877284595300261,0.8899907562071259,705
T11,standalone_gaf_bit6,0.37577639751552794,0.8877284595300261,0.8899907562071259,705
T11,standalone_gaf_bit6,0.37577639751552794,0.8981723237597912,0.8899907562071259,705
T11,standalone_gaf_bit6,0.38198757763975155,0.8981723237597912,0.8899907562071259,705
T11,standalone_gaf_bit6,0.3944099378881988,0.8981723237597912,0.8899907562071259,705
T11,standalone_gaf_bit6,0.3944099378881988,0.9112271540469974,0.8899907562071259,705
T11,standalone_gaf_bit6,0.40062111801242234,0.9112271540469974,0.8899907562071259,705
T11,standalone_gaf_bit6,0.40372670807453415,0.9112271540469974,0.8899907562071259,705
T11,standalone_gaf_bit6,0.40372670807453415,0.9164490861618799,0.8899907562071259,705
T11,standalone_gaf_bit6,0.41304347826086957,0.9164490861618799,0.8899907562071259,705
T11,standalone_gaf_bit6,0.41304347826086957,0.9216710182767625,0.8899907562071259,705
T11,standalone_gaf_bit6,0.41304347826086957,0.9242819843342036,0.8899907562071259,705
T11,standalone_gaf_bit6,0.41304347826086957,0.9295039164490861,0.8899907562071259,705
T11,standalone_gaf_bit6,0.4254658385093168,0.9295039164490861,0.8899907562071259,705
T11,standalone_gaf_bit6,0.42857142857142855,0.9295039164490861,0.8899907562071259,705
T11,standalone_gaf_bit6,0.42857142857142855,0.9321148825065274,0.8899907562071259,705
T11,standalone_gaf_bit6,0.43788819875776397,0.9321148825065274,0.8899907562071259,705
T11,standalone_gaf_bit6,0.43788819875776397,0.9399477806788512,0.8899907562071259,705
T11,standalone_gaf_bit6,0.43788819875776397,0.9503916449086162,0.8899907562071259,705
T11,standalone_gaf_bit6,0.4440993788819876,0.9503916449086162,0.8899907562071259,705
T11,standalone_gaf_bit6,0.4503105590062112,0.9503916449086162,0.8899907562071259,705
T11,standalone_gaf_bit6,0.46273291925465837,0.9503916449086162,0.8899907562071259,705
T11,standalone_gaf_bit6,0.46273291925465837,0.9530026109660574,0.8899907562071259,705
T11,standalone_gaf_bit6,0.4658385093167702,0.9530026109660574,0.8899907562071259,705
T11,standalone_gaf_bit6,0.4720496894409938,0.9530026109660574,0.8899907562071259,705
T11,standalone_gaf_bit6,0.4751552795031056,0.9530026109660574,0.8899907562071259,705
T11,standalone_gaf_bit6,0.484472049689441,0.9530026109660574,0.8899907562071259,705
T11,standalone_gaf_bit6,0.4968944099378882,0.9530026109660574,0.8899907562071259,705
T11,standalone_gaf_bit6,0.5062111801242236,0.9530026109660574,0.8899907562071259,705
T11,standalone_gaf_bit6,0.5186335403726708,0.9530026109660574,0.8899907562071259,705
T11,standalone_gaf_bit6,0.5248447204968945,0.9530026109660574,0.8899907562071259,705
T11,standalone_gaf_bit6,0.531055900621118,0.9530026109660574,0.8899907562071259,705
T11,standalone_gaf_bit6,0.5341614906832298,0.9530026109660574,0.8899907562071259,705
T11,standalone_gaf_bit6,0.5341614906832298,0.9660574412532638,0.8899907562071259,705
T11,standalone_gaf_bit6,0.5372670807453416,0.9660574412532638,0.8899907562071259,705
T11,standalone_gaf_bit6,0.546583850931677,0.9660574412532638,0.8899907562071259,705
T11,standalone_gaf_bit6,0.546583850931677,0.9686684073107049,0.8899907562071259,705
T11,standalone_gaf_bit6,0.5559006211180124,0.9686684073107049,0.8899907562071259,705
T11,standalone_gaf_bit6,0.5683229813664596,0.9686684073107049,0.8899907562071259,705
T11,standalone_gaf_bit6,0.5683229813664596,0.97911227154047,0.8899907562071259,705
T11,standalone_gaf_bit6,0.5900621118012422,0.97911227154047,0.8899907562071259,705
T11,standalone_gaf_bit6,0.593167701863354,0.97911227154047,0.8899907562071259,705
T11,standalone_gaf_bit6,0.6118012422360248,0.97911227154047,0.8899907562071259,705
T11,standalone_gaf_bit6,0.6242236024844721,0.97911227154047,0.8899907562071259,705
T11,standalone_gaf_bit6,0.639751552795031,0.97911227154047,0.8899907562071259,705
T11,standalone_gaf_bit6,0.6521739130434783,0.97911227154047,0.8899907562071259,705
T11,standalone_gaf_bit6,0.6583850931677019,0.97911227154047,0.8899907562071259,705
T11,standalone_gaf_bit6,0.6708074534161491,0.97911227154047,0.8899907562071259,705
T11,standalone_gaf_bit6,0.6770186335403726,0.97911227154047,0.8899907562071259,705
T11,standalone_gaf_bit6,0.6832298136645962,0.97911227154047,0.8899907562071259,705
T11,standalone_gaf_bit6,0.6894409937888198,0.97911227154047,0.8899907562071259,705
T11,standalone_gaf_bit6,0.6987577639751553,0.97911227154047,0.8899907562071259,705
T11,standalone_gaf_bit6,0.7049689440993789,0.97911227154047,0.8899907562071259,705
T11,standalone_gaf_bit6,0.7267080745341615,0.97911227154047,0.8899907562071259,705
T11,standalone_gaf_bit6,0.7298136645962733,0.97911227154047,0.8899907562071259,705
T11,standalone_gaf_bit6,0.7360248447204969,0.97911227154047,0.8899907562071259,705
T11,standalone_gaf_bit6,0.7515527950310559,0.97911227154047,0.8899907562071259,705
T11,standalone_gaf_bit6,0.7639751552795031,0.97911227154047,0.8899907562071259,705
T11,standalone_gaf_bit6,0.7763975155279503,0.97911227154047,0.8899907562071259,705
T11,standalone_gaf_bit6,0.7857142857142857,0.97911227154047,0.8899907562071259,705
T11,standalone_gaf_bit6,0.7919254658385093,0.97911227154047,0.8899907562071259,705
T11,standalone_gaf_bit6,0.7981366459627329,0.97911227154047,0.8899907562071259,705
T11,standalone_gaf_bit6,0.8012422360248447,0.97911227154047,0.8899907562071259,705
T11,standalone_gaf_bit6,0.8136645962732919,0.97911227154047,0.8899907562071259,705
T11,standalone_gaf_bit6,0.8229813664596274,0.97911227154047,0.8899907562071259,705
T11,standalone_gaf_bit6,0.8291925465838509,0.97911227154047,0.8899907562071259,705
T11,standalone_gaf_bit6,0.8416149068322981,0.97911227154047,0.8899907562071259,705
T11,standalone_gaf_bit6,0.8509316770186336,0.97911227154047,0.8899907562071259,705
T11,standalone_gaf_bit6,0.8633540372670807,0.97911227154047,0.8899907562071259,705
T11,standalone_gaf_bit6,0.8726708074534162,0.97911227154047,0.8899907562071259,705
T11,standalone_gaf_bit6,0.8757763975155279,0.97911227154047,0.8899907562071259,705
T11,standalone_gaf_bit6,0.8881987577639752,0.97911227154047,0.8899907562071259,705
T11,standalone_gaf_bit6,0.8975155279503105,0.97911227154047,0.8899907562071259,705
T11,standalone_gaf_bit6,0.9099378881987578,0.97911227154047,0.8899907562071259,705
T11,standalone_gaf_bit6,0.9130434782608695,0.97911227154047,0.8899907562071259,705
T11,standalone_gaf_bit6,0.9285714285714286,0.97911227154047,0.8899907562071259,705
T11,standalone_gaf_bit6,0.9347826086956522,0.97911227154047,0.8899907562071259,705
T11,standalone_gaf_bit6,0.9347826086956522,0.9895561357702349,0.8899907562071259,705
T11,standalone_gaf_bit6,0.9503105590062112,0.9895561357702349,0.8899907562071259,705
T11,standalone_gaf_bit6,0.9565217391304348,0.9895561357702349,0.8899907562071259,705
T11,standalone_gaf_bit6,0.9658385093167702,0.9895561357702349,0.8899907562071259,705
T11,standalone_gaf_bit6,0.968944099378882,0.9895561357702349,0.8899907562071259,705
T11,standalone_gaf_bit6,0.9751552795031055,0.9895561357702349,0.8899907562071259,705
T11,standalone_gaf_bit6,0.9782608695652174,0.9895561357702349,0.8899907562071259,705
T11,standalone_gaf_bit6,0.984472049689441,0.9895561357702349,0.8899907562071259,705
T11,standalone_gaf_bit6,0.9937888198757764,0.9895561357702349,0.8899907562071259,705
T11,standalone_gaf_bit6,0.9937888198757764,0.9973890339425587,0.8899907562071259,705
T11,standalone_gaf_bit6,0.9937888198757764,1.0,0.8899907562071259,705
T11,standalone_gaf_bit6,1.0,1.0,0.8899907562071259,705
T11,scalar_controls5,0.0,0.0,0.8579618247571477,705
T11,scalar_controls5,0.0,0.005221932114882507,0.8579618247571477,705
T11,scalar_controls5,0.0,0.010443864229765013,0.8579618247571477,705
T11,scalar_controls5,0.0,0.015665796344647518,0.8579618247571477,705
T11,scalar_controls5,0.0,0.02349869451697128,0.8579618247571477,705
T11,scalar_controls5,0.0,0.031331592689295036,0.8579618247571477,705
T11,scalar_controls5,0.0,0.033942558746736295,0.8579618247571477,705
T11,scalar_controls5,0.0,0.0391644908616188,0.8579618247571477,705
T11,scalar_controls5,0.012422360248447204,0.0391644908616188,0.8579618247571477,705
T11,scalar_controls5,0.012422360248447204,0.04177545691906005,0.8579618247571477,705
T11,scalar_controls5,0.012422360248447204,0.04699738903394256,0.8579618247571477,705
T11,scalar_controls5,0.012422360248447204,0.06266318537859007,0.8579618247571477,705
T11,scalar_controls5,0.012422360248447204,0.0835509138381201,0.8579618247571477,705
T11,scalar_controls5,0.012422360248447204,0.08877284595300261,0.8579618247571477,705
T11,scalar_controls5,0.012422360248447204,0.10443864229765012,0.8579618247571477,705
T11,scalar_controls5,0.015527950310559006,0.10443864229765012,0.8579618247571477,705
T11,scalar_controls5,0.015527950310559006,0.10966057441253264,0.8579618247571477,705
T11,scalar_controls5,0.015527950310559006,0.11488250652741515,0.8579618247571477,705
T11,scalar_controls5,0.015527950310559006,0.12532637075718014,0.8579618247571477,705
T11,scalar_controls5,0.015527950310559006,0.13315926892950392,0.8579618247571477,705
T11,scalar_controls5,0.015527950310559006,0.15404699738903394,0.8579618247571477,705
T11,scalar_controls5,0.015527950310559006,0.17493472584856398,0.8579618247571477,705
T11,scalar_controls5,0.015527950310559006,0.185378590078329,0.8579618247571477,705
T11,scalar_controls5,0.018633540372670808,0.185378590078329,0.8579618247571477,705
T11,scalar_controls5,0.018633540372670808,0.19321148825065274,0.8579618247571477,705
T11,scalar_controls5,0.018633540372670808,0.19843342036553524,0.8579618247571477,705
T11,scalar_controls5,0.021739130434782608,0.19843342036553524,0.8579618247571477,705
T11,scalar_controls5,0.021739130434782608,0.20365535248041775,0.8579618247571477,705
T11,scalar_controls5,0.021739130434782608,0.206266318537859,0.8579618247571477,705
T11,scalar_controls5,0.021739130434782608,0.21409921671018275,0.8579618247571477,705
T11,scalar_controls5,0.021739130434782608,0.2193211488250653,0.8579618247571477,705
T11,scalar_controls5,0.021739130434782608,0.22715404699738903,0.8579618247571477,705
T11,scalar_controls5,0.021739130434782608,0.23759791122715404,0.8579618247571477,705
T11,scalar_controls5,0.024844720496894408,0.23759791122715404,0.8579618247571477,705
T11,scalar_controls5,0.024844720496894408,0.2454308093994778,0.8579618247571477,705
T11,scalar_controls5,0.024844720496894408,0.2506527415143603,0.8579618247571477,705
T11,scalar_controls5,0.024844720496894408,0.2584856396866841,0.8579618247571477,705
T11,scalar_controls5,0.024844720496894408,0.26631853785900783,0.8579618247571477,705
T11,scalar_controls5,0.024844720496894408,0.27154046997389036,0.8579618247571477,705
T11,scalar_controls5,0.024844720496894408,0.27676240208877284,0.8579618247571477,705
T11,scalar_controls5,0.034161490683229816,0.27676240208877284,0.8579618247571477,705
T11,scalar_controls5,0.037267080745341616,0.27676240208877284,0.8579618247571477,705
T11,scalar_controls5,0.037267080745341616,0.2845953002610966,0.8579618247571477,705
T11,scalar_controls5,0.037267080745341616,0.2898172323759791,0.8579618247571477,705
T11,scalar_controls5,0.037267080745341616,0.2924281984334204,0.8579618247571477,705
T11,scalar_controls5,0.037267080745341616,0.30809399477806787,0.8579618247571477,705
T11,scalar_controls5,0.037267080745341616,0.3133159268929504,0.8579618247571477,705
T11,scalar_controls5,0.037267080745341616,0.3237597911227154,0.8579618247571477,705
T11,scalar_controls5,0.037267080745341616,0.3263707571801567,0.8579618247571477,705
T11,scalar_controls5,0.037267080745341616,0.33159268929503916,0.8579618247571477,705
T11,scalar_controls5,0.037267080745341616,0.3342036553524804,0.8579618247571477,705
T11,scalar_controls5,0.046583850931677016,0.3342036553524804,0.8579618247571477,705
T11,scalar_controls5,0.046583850931677016,0.3394255874673629,0.8579618247571477,705
T11,scalar_controls5,0.046583850931677016,0.34203655352480417,0.8579618247571477,705
T11,scalar_controls5,0.046583850931677016,0.3524804177545692,0.8579618247571477,705
T11,scalar_controls5,0.046583850931677016,0.3577023498694517,0.8579618247571477,705
T11,scalar_controls5,0.046583850931677016,0.3681462140992167,0.8579618247571477,705
T11,scalar_controls5,0.046583850931677016,0.37597911227154046,0.8579618247571477,705
T11,scalar_controls5,0.046583850931677016,0.3785900783289817,0.8579618247571477,705
T11,scalar_controls5,0.046583850931677016,0.38903394255874674,0.8579618247571477,705
T11,scalar_controls5,0.046583850931677016,0.39425587467362927,0.8579618247571477,705
T11,scalar_controls5,0.046583850931677016,0.4046997389033943,0.8579618247571477,705
T11,scalar_controls5,0.046583850931677016,0.40992167101827676,0.8579618247571477,705
T11,scalar_controls5,0.046583850931677016,0.4255874673629243,0.8579618247571477,705
T11,scalar_controls5,0.046583850931677016,0.4281984334203655,0.8579618247571477,705
T11,scalar_controls5,0.046583850931677016,0.4386422976501306,0.8579618247571477,705
T11,scalar_controls5,0.046583850931677016,0.4412532637075718,0.8579618247571477,705
T11,scalar_controls5,0.046583850931677016,0.46736292428198434,0.8579618247571477,705
T11,scalar_controls5,0.046583850931677016,0.48825065274151436,0.8579618247571477,705
T11,scalar_controls5,0.046583850931677016,0.5013054830287206,0.8579618247571477,705
T11,scalar_controls5,0.046583850931677016,0.5065274151436031,0.8579618247571477,705
T11,scalar_controls5,0.046583850931677016,0.5143603133159269,0.8579618247571477,705
T11,scalar_controls5,0.046583850931677016,0.5169712793733682,0.8579618247571477,705
T11,scalar_controls5,0.046583850931677016,0.5248041775456919,0.8579618247571477,705
T11,scalar_controls5,0.046583850931677016,0.5274151436031331,0.8579618247571477,705
T11,scalar_controls5,0.046583850931677016,0.5691906005221932,0.8579618247571477,705
T11,scalar_controls5,0.046583850931677016,0.5718015665796344,0.8579618247571477,705
T11,scalar_controls5,0.046583850931677016,0.5796344647519582,0.8579618247571477,705
T11,scalar_controls5,0.046583850931677016,0.5822454308093995,0.8579618247571477,705
T11,scalar_controls5,0.052795031055900624,0.5822454308093995,0.8579618247571477,705
T11,scalar_controls5,0.052795031055900624,0.6031331592689295,0.8579618247571477,705
T11,scalar_controls5,0.052795031055900624,0.6109660574412533,0.8579618247571477,705
T11,scalar_controls5,0.052795031055900624,0.6161879895561357,0.8579618247571477,705
T11,scalar_controls5,0.052795031055900624,0.6370757180156658,0.8579618247571477,705
T11,scalar_controls5,0.052795031055900624,0.639686684073107,0.8579618247571477,705
T11,scalar_controls5,0.052795031055900624,0.6501305483028721,0.8579618247571477,705
T11,scalar_controls5,0.06521739130434782,0.6501305483028721,0.8579618247571477,705
T11,scalar_controls5,0.06521739130434782,0.660574412532637,0.8579618247571477,705
T11,scalar_controls5,0.06521739130434782,0.6631853785900783,0.8579618247571477,705
T11,scalar_controls5,0.06521739130434782,0.6710182767624021,0.8579618247571477,705
T11,scalar_controls5,0.06521739130434782,0.6762402088772846,0.8579618247571477,705
T11,scalar_controls5,0.06521739130434782,0.6892950391644909,0.8579618247571477,705
T11,scalar_controls5,0.09006211180124224,0.6892950391644909,0.8579618247571477,705
T11,scalar_controls5,0.09006211180124224,0.6997389033942559,0.8579618247571477,705
T11,scalar_controls5,0.09006211180124224,0.7049608355091384,0.8579618247571477,705
T11,scalar_controls5,0.09006211180124224,0.7154046997389034,0.8579618247571477,705
T11,scalar_controls5,0.09006211180124224,0.720626631853786,0.8579618247571477,705
T11,scalar_controls5,0.09006211180124224,0.7258485639686684,0.8579618247571477,705
T11,scalar_controls5,0.09006211180124224,0.7284595300261096,0.8579618247571477,705
T11,scalar_controls5,0.09937888198757763,0.7284595300261096,0.8579618247571477,705
T11,scalar_controls5,0.12422360248447205,0.7284595300261096,0.8579618247571477,705
T11,scalar_controls5,0.12422360248447205,0.7310704960835509,0.8579618247571477,705
T11,scalar_controls5,0.12422360248447205,0.7467362924281984,0.8579618247571477,705
T11,scalar_controls5,0.12422360248447205,0.7519582245430809,0.8579618247571477,705
T11,scalar_controls5,0.13664596273291926,0.7519582245430809,0.8579618247571477,705
T11,scalar_controls5,0.13975155279503104,0.7519582245430809,0.8579618247571477,705
T11,scalar_controls5,0.15217391304347827,0.7519582245430809,0.8579618247571477,705
T11,scalar_controls5,0.15217391304347827,0.7597911227154047,0.8579618247571477,705
T11,scalar_controls5,0.15217391304347827,0.7650130548302873,0.8579618247571477,705
T11,scalar_controls5,0.15527950310559005,0.7650130548302873,0.8579618247571477,705
T11,scalar_controls5,0.15527950310559005,0.7702349869451697,0.8579618247571477,705
T11,scalar_controls5,0.15838509316770186,0.7702349869451697,0.8579618247571477,705
T11,scalar_controls5,0.15838509316770186,0.7885117493472585,0.8579618247571477,705
T11,scalar_controls5,0.16459627329192547,0.7885117493472585,0.8579618247571477,705
T11,scalar_controls5,0.17391304347826086,0.7885117493472585,0.8579618247571477,705
T11,scalar_controls5,0.17701863354037267,0.7885117493472585,0.8579618247571477,705
T11,scalar_controls5,0.19254658385093168,0.7885117493472585,0.8579618247571477,705
T11,scalar_controls5,0.19254658385093168,0.7911227154046997,0.8579618247571477,705
T11,scalar_controls5,0.2080745341614907,0.7911227154046997,0.8579618247571477,705
T11,scalar_controls5,0.2080745341614907,0.8093994778067886,0.8579618247571477,705
T11,scalar_controls5,0.21739130434782608,0.8093994778067886,0.8579618247571477,705
T11,scalar_controls5,0.2391304347826087,0.8093994778067886,0.8579618247571477,705
T11,scalar_controls5,0.2391304347826087,0.814621409921671,0.8579618247571477,705
T11,scalar_controls5,0.2453416149068323,0.814621409921671,0.8579618247571477,705
T11,scalar_controls5,0.2577639751552795,0.814621409921671,0.8579618247571477,705
T11,scalar_controls5,0.2577639751552795,0.825065274151436,0.8579618247571477,705
T11,scalar_controls5,0.2577639751552795,0.8328981723237598,0.8579618247571477,705
T11,scalar_controls5,0.2577639751552795,0.8381201044386423,0.8579618247571477,705
T11,scalar_controls5,0.2608695652173913,0.8381201044386423,0.8579618247571477,705
T11,scalar_controls5,0.2670807453416149,0.8381201044386423,0.8579618247571477,705
T11,scalar_controls5,0.2670807453416149,0.8407310704960835,0.8579618247571477,705
T11,scalar_controls5,0.2701863354037267,0.8407310704960835,0.8579618247571477,705
T11,scalar_controls5,0.2701863354037267,0.8459530026109661,0.8579618247571477,705
T11,scalar_controls5,0.2732919254658385,0.8459530026109661,0.8579618247571477,705
T11,scalar_controls5,0.2732919254658385,0.8511749347258486,0.8579618247571477,705
T11,scalar_controls5,0.2795031055900621,0.8511749347258486,0.8579618247571477,705
T11,scalar_controls5,0.2826086956521739,0.8511749347258486,0.8579618247571477,705
T11,scalar_controls5,0.2826086956521739,0.8537859007832899,0.8579618247571477,705
T11,scalar_controls5,0.2919254658385093,0.8537859007832899,0.8579618247571477,705
T11,scalar_controls5,0.2981366459627329,0.8537859007832899,0.8579618247571477,705
T11,scalar_controls5,0.30124223602484473,0.8537859007832899,0.8579618247571477,705
T11,scalar_controls5,0.3136645962732919,0.8537859007832899,0.8579618247571477,705
T11,scalar_controls5,0.3198757763975155,0.8537859007832899,0.8579618247571477,705
T11,scalar_controls5,0.3385093167701863,0.8537859007832899,0.8579618247571477,705
T11,scalar_controls5,0.35093167701863354,0.8537859007832899,0.8579618247571477,705
T11,scalar_controls5,0.3695652173913043,0.8537859007832899,0.8579618247571477,705
T11,scalar_controls5,0.37888198757763975,0.8537859007832899,0.8579618247571477,705
T11,scalar_controls5,0.391304347826087,0.8537859007832899,0.8579618247571477,705
T11,scalar_controls5,0.40062111801242234,0.8537859007832899,0.8579618247571477,705
T11,scalar_controls5,0.40372670807453415,0.8537859007832899,0.8579618247571477,705
T11,scalar_controls5,0.40372670807453415,0.8694516971279374,0.8579618247571477,705
T11,scalar_controls5,0.40993788819875776,0.8694516971279374,0.8579618247571477,705
T11,scalar_controls5,0.4161490683229814,0.8694516971279374,0.8579618247571477,705
T11,scalar_controls5,0.4161490683229814,0.8746736292428199,0.8579618247571477,705
T11,scalar_controls5,0.4192546583850932,0.8746736292428199,0.8579618247571477,705
T11,scalar_controls5,0.43167701863354035,0.8746736292428199,0.8579618247571477,705
T11,scalar_controls5,0.4472049689440994,0.8746736292428199,0.8579618247571477,705
T11,scalar_controls5,0.468944099378882,0.8746736292428199,0.8579618247571477,705
T11,scalar_controls5,0.4720496894409938,0.8746736292428199,0.8579618247571477,705
T11,scalar_controls5,0.4720496894409938,0.8825065274151436,0.8579618247571477,705
T11,scalar_controls5,0.4813664596273292,0.8825065274151436,0.8579618247571477,705
T11,scalar_controls5,0.4813664596273292,0.8929503916449086,0.8579618247571477,705
T11,scalar_controls5,0.4813664596273292,0.8981723237597912,0.8579618247571477,705
T11,scalar_controls5,0.484472049689441,0.8981723237597912,0.8579618247571477,705
T11,scalar_controls5,0.4968944099378882,0.8981723237597912,0.8579618247571477,705
T11,scalar_controls5,0.5031055900621118,0.8981723237597912,0.8579618247571477,705
T11,scalar_controls5,0.5217391304347826,0.8981723237597912,0.8579618247571477,705
T11,scalar_controls5,0.5217391304347826,0.9086161879895561,0.8579618247571477,705
T11,scalar_controls5,0.5372670807453416,0.9086161879895561,0.8579618247571477,705
T11,scalar_controls5,0.5434782608695652,0.9086161879895561,0.8579618247571477,705
T11,scalar_controls5,0.546583850931677,0.9086161879895561,0.8579618247571477,705
T11,scalar_controls5,0.5527950310559007,0.9086161879895561,0.8579618247571477,705
T11,scalar_controls5,0.577639751552795,0.9086161879895561,0.8579618247571477,705
T11,scalar_controls5,0.5900621118012422,0.9086161879895561,0.8579618247571477,705
T11,scalar_controls5,0.6024844720496895,0.9086161879895561,0.8579618247571477,705
T11,scalar_controls5,0.6086956521739131,0.9086161879895561,0.8579618247571477,705
T11,scalar_controls5,0.6211180124223602,0.9086161879895561,0.8579618247571477,705
T11,scalar_controls5,0.6211180124223602,0.9190600522193212,0.8579618247571477,705
T11,scalar_controls5,0.6273291925465838,0.9190600522193212,0.8579618247571477,705
T11,scalar_controls5,0.6273291925465838,0.9295039164490861,0.8579618247571477,705
T11,scalar_controls5,0.6273291925465838,0.9425587467362925,0.8579618247571477,705
T11,scalar_controls5,0.639751552795031,0.9425587467362925,0.8579618247571477,705
T11,scalar_controls5,0.639751552795031,0.9451697127937336,0.8579618247571477,705
T11,scalar_controls5,0.6428571428571429,0.9451697127937336,0.8579618247571477,705
T11,scalar_controls5,0.6490683229813664,0.9451697127937336,0.8579618247571477,705
T11,scalar_controls5,0.65527950310559,0.9451697127937336,0.8579618247571477,705
T11,scalar_controls5,0.6708074534161491,0.9451697127937336,0.8579618247571477,705
T11,scalar_controls5,0.6770186335403726,0.9451697127937336,0.8579618247571477,705
T11,scalar_controls5,0.6770186335403726,0.9503916449086162,0.8579618247571477,705
T11,scalar_controls5,0.6770186335403726,0.95822454308094,0.8579618247571477,705
T11,scalar_controls5,0.6801242236024845,0.95822454308094,0.8579618247571477,705
T11,scalar_controls5,0.6863354037267081,0.95822454308094,0.8579618247571477,705
T11,scalar_controls5,0.6863354037267081,0.9686684073107049,0.8579618247571477,705
T11,scalar_controls5,0.6863354037267081,0.9738903394255874,0.8579618247571477,705
T11,scalar_controls5,0.6863354037267081,0.9765013054830287,0.8579618247571477,705
T11,scalar_controls5,0.6894409937888198,0.9765013054830287,0.8579618247571477,705
T11,scalar_controls5,0.7018633540372671,0.9765013054830287,0.8579618247571477,705
T11,scalar_controls5,0.7080745341614907,0.9765013054830287,0.8579618247571477,705
T11,scalar_controls5,0.7204968944099379,0.9765013054830287,0.8579618247571477,705
T11,scalar_controls5,0.7236024844720497,0.9765013054830287,0.8579618247571477,705
T11,scalar_controls5,0.7329192546583851,0.9765013054830287,0.8579618247571477,705
T11,scalar_controls5,0.7391304347826086,0.9765013054830287,0.8579618247571477,705
T11,scalar_controls5,0.7453416149068323,0.9765013054830287,0.8579618247571477,705
T11,scalar_controls5,0.7763975155279503,0.9765013054830287,0.8579618247571477,705
T11,scalar_controls5,0.7763975155279503,0.97911227154047,0.8579618247571477,705
T11,scalar_controls5,0.7888198757763976,0.97911227154047,0.8579618247571477,705
T11,scalar_controls5,0.7888198757763976,0.9895561357702349,0.8579618247571477,705
T11,scalar_controls5,0.7981366459627329,0.9895561357702349,0.8579618247571477,705
T11,scalar_controls5,0.8074534161490683,0.9895561357702349,0.8579618247571477,705
T11,scalar_controls5,0.8198757763975155,0.9895561357702349,0.8579618247571477,705
T11,scalar_controls5,0.8229813664596274,0.9895561357702349,0.8579618247571477,705
T11,scalar_controls5,0.8354037267080745,0.9895561357702349,0.8579618247571477,705
T11,scalar_controls5,0.8478260869565217,0.9895561357702349,0.8579618247571477,705
T11,scalar_controls5,0.860248447204969,0.9895561357702349,0.8579618247571477,705
T11,scalar_controls5,0.8664596273291926,0.9895561357702349,0.8579618247571477,705
T11,scalar_controls5,0.8757763975155279,0.9895561357702349,0.8579618247571477,705
T11,scalar_controls5,0.8819875776397516,0.9895561357702349,0.8579618247571477,705
T11,scalar_controls5,0.8913043478260869,0.9895561357702349,0.8579618247571477,705
T11,scalar_controls5,0.9037267080745341,0.9895561357702349,0.8579618247571477,705
T11,scalar_controls5,0.9130434782608695,0.9895561357702349,0.8579618247571477,705
T11,scalar_controls5,0.9192546583850931,0.9895561357702349,0.8579618247571477,705
T11,scalar_controls5,0.9285714285714286,0.9895561357702349,0.8579618247571477,705
T11,scalar_controls5,0.9347826086956522,0.9895561357702349,0.8579618247571477,705
T11,scalar_controls5,0.9472049689440993,0.9895561357702349,0.8579618247571477,705
T11,scalar_controls5,0.9596273291925466,0.9895561357702349,0.8579618247571477,705
T11,scalar_controls5,0.9627329192546584,0.9895561357702349,0.8579618247571477,705
T11,scalar_controls5,0.9720496894409938,0.9895561357702349,0.8579618247571477,705
T11,scalar_controls5,0.9782608695652174,0.9895561357702349,0.8579618247571477,705
T11,scalar_controls5,0.984472049689441,0.9895561357702349,0.8579618247571477,705
T11,scalar_controls5,0.9875776397515528,0.9895561357702349,0.8579618247571477,705
T11,scalar_controls5,0.9875776397515528,1.0,0.8579618247571477,705
T11,scalar_controls5,1.0,1.0,0.8579618247571477,705
T07,standalone_gaf_pca6,0.0,0.0,0.47668342699398597,285
T07,standalone_gaf_pca6,0.0,0.021739130434782608,0.47668342699398597,285
T07,standalone_gaf_pca6,0.006802721088435374,0.021739130434782608,0.47668342699398597,285
T07,standalone_gaf_pca6,0.006802721088435374,0.028985507246376812,0.47668342699398597,285
T07,standalone_gaf_pca6,0.034013605442176874,0.028985507246376812,0.47668342699398597,285
T07,standalone_gaf_pca6,0.047619047619047616,0.028985507246376812,0.47668342699398597,285
T07,standalone_gaf_pca6,0.08163265306122448,0.028985507246376812,0.47668342699398597,285
T07,standalone_gaf_pca6,0.08843537414965986,0.028985507246376812,0.47668342699398597,285
T07,standalone_gaf_pca6,0.08843537414965986,0.036231884057971016,0.47668342699398597,285
T07,standalone_gaf_pca6,0.08843537414965986,0.050724637681159424,0.47668342699398597,285
T07,standalone_gaf_pca6,0.08843537414965986,0.057971014492753624,0.47668342699398597,285
T07,standalone_gaf_pca6,0.10204081632653061,0.057971014492753624,0.47668342699398597,285
T07,standalone_gaf_pca6,0.10204081632653061,0.07971014492753623,0.47668342699398597,285
T07,standalone_gaf_pca6,0.1292517006802721,0.07971014492753623,0.47668342699398597,285
T07,standalone_gaf_pca6,0.16326530612244897,0.07971014492753623,0.47668342699398597,285
T07,standalone_gaf_pca6,0.16326530612244897,0.10869565217391304,0.47668342699398597,285
T07,standalone_gaf_pca6,0.17006802721088435,0.10869565217391304,0.47668342699398597,285
T07,standalone_gaf_pca6,0.1836734693877551,0.10869565217391304,0.47668342699398597,285
T07,standalone_gaf_pca6,0.20408163265306123,0.10869565217391304,0.47668342699398597,285
T07,standalone_gaf_pca6,0.21768707482993196,0.10869565217391304,0.47668342699398597,285
T07,standalone_gaf_pca6,0.21768707482993196,0.13768115942028986,0.47668342699398597,285
T07,standalone_gaf_pca6,0.24489795918367346,0.13768115942028986,0.47668342699398597,285
T07,standalone_gaf_pca6,0.24489795918367346,0.1956521739130435,0.47668342699398597,285
T07,standalone_gaf_pca6,0.24489795918367346,0.2028985507246377,0.47668342699398597,285
T07,standalone_gaf_pca6,0.24489795918367346,0.21739130434782608,0.47668342699398597,285
T07,standalone_gaf_pca6,0.2585034013605442,0.21739130434782608,0.47668342699398597,285
T07,standalone_gaf_pca6,0.2585034013605442,0.2608695652173913,0.47668342699398597,285
T07,standalone_gaf_pca6,0.2857142857142857,0.2608695652173913,0.47668342699398597,285
T07,standalone_gaf_pca6,0.2857142857142857,0.2826086956521739,0.47668342699398597,285
T07,standalone_gaf_pca6,0.29931972789115646,0.2826086956521739,0.47668342699398597,285
T07,standalone_gaf_pca6,0.29931972789115646,0.3115942028985507,0.47668342699398597,285
T07,standalone_gaf_pca6,0.32653061224489793,0.3115942028985507,0.47668342699398597,285
T07,standalone_gaf_pca6,0.3401360544217687,0.3115942028985507,0.47668342699398597,285
T07,standalone_gaf_pca6,0.3401360544217687,0.32608695652173914,0.47668342699398597,285
T07,standalone_gaf_pca6,0.3401360544217687,0.35507246376811596,0.47668342699398597,285
T07,standalone_gaf_pca6,0.36054421768707484,0.35507246376811596,0.47668342699398597,285
T07,standalone_gaf_pca6,0.3673469387755102,0.35507246376811596,0.47668342699398597,285
T07,standalone_gaf_pca6,0.3673469387755102,0.38405797101449274,0.47668342699398597,285
T07,standalone_gaf_pca6,0.3945578231292517,0.38405797101449274,0.47668342699398597,285
T07,standalone_gaf_pca6,0.3945578231292517,0.391304347826087,0.47668342699398597,285
T07,standalone_gaf_pca6,0.3945578231292517,0.4057971014492754,0.47668342699398597,285
T07,standalone_gaf_pca6,0.42857142857142855,0.4057971014492754,0.47668342699398597,285
T07,standalone_gaf_pca6,0.43537414965986393,0.4057971014492754,0.47668342699398597,285
T07,standalone_gaf_pca6,0.43537414965986393,0.4492753623188406,0.47668342699398597,285
T07,standalone_gaf_pca6,0.4489795918367347,0.4492753623188406,0.47668342699398597,285
T07,standalone_gaf_pca6,0.5034013605442177,0.4492753623188406,0.47668342699398597,285
T07,standalone_gaf_pca6,0.5034013605442177,0.4782608695652174,0.47668342699398597,285
T07,standalone_gaf_pca6,0.5102040816326531,0.4782608695652174,0.47668342699398597,285
T07,standalone_gaf_pca6,0.5102040816326531,0.5072463768115942,0.47668342699398597,285
T07,standalone_gaf_pca6,0.5238095238095238,0.5072463768115942,0.47668342699398597,285
T07,standalone_gaf_pca6,0.5238095238095238,0.5144927536231884,0.47668342699398597,285
T07,standalone_gaf_pca6,0.5306122448979592,0.5144927536231884,0.47668342699398597,285
T07,standalone_gaf_pca6,0.5306122448979592,0.5217391304347826,0.47668342699398597,285
T07,standalone_gaf_pca6,0.5306122448979592,0.5507246376811594,0.47668342699398597,285
T07,standalone_gaf_pca6,0.5306122448979592,0.5579710144927537,0.47668342699398597,285
T07,standalone_gaf_pca6,0.5850340136054422,0.5579710144927537,0.47668342699398597,285
T07,standalone_gaf_pca6,0.5850340136054422,0.5869565217391305,0.47668342699398597,285
T07,standalone_gaf_pca6,0.5850340136054422,0.5942028985507246,0.47668342699398597,285
T07,standalone_gaf_pca6,0.5918367346938775,0.5942028985507246,0.47668342699398597,285
T07,standalone_gaf_pca6,0.5918367346938775,0.6086956521739131,0.47668342699398597,285
T07,standalone_gaf_pca6,0.6326530612244898,0.6086956521739131,0.47668342699398597,285
T07,standalone_gaf_pca6,0.6530612244897959,0.6086956521739131,0.47668342699398597,285
T07,standalone_gaf_pca6,0.6530612244897959,0.6376811594202898,0.47668342699398597,285
T07,standalone_gaf_pca6,0.6802721088435374,0.6376811594202898,0.47668342699398597,285
T07,standalone_gaf_pca6,0.6870748299319728,0.6376811594202898,0.47668342699398597,285
T07,standalone_gaf_pca6,0.6870748299319728,0.644927536231884,0.47668342699398597,285
T07,standalone_gaf_pca6,0.7006802721088435,0.644927536231884,0.47668342699398597,285
T07,standalone_gaf_pca6,0.7278911564625851,0.644927536231884,0.47668342699398597,285
T07,standalone_gaf_pca6,0.7278911564625851,0.6739130434782609,0.47668342699398597,285
T07,standalone_gaf_pca6,0.7346938775510204,0.6739130434782609,0.47668342699398597,285
T07,standalone_gaf_pca6,0.7346938775510204,0.6811594202898551,0.47668342699398597,285
T07,standalone_gaf_pca6,0.7346938775510204,0.7028985507246377,0.47668342699398597,285
T07,standalone_gaf_pca6,0.7346938775510204,0.7318840579710145,0.47668342699398597,285
T07,standalone_gaf_pca6,0.7414965986394558,0.7318840579710145,0.47668342699398597,285
T07,standalone_gaf_pca6,0.7414965986394558,0.7608695652173914,0.47668342699398597,285
T07,standalone_gaf_pca6,0.7687074829931972,0.7608695652173914,0.47668342699398597,285
T07,standalone_gaf_pca6,0.7687074829931972,0.7753623188405797,0.47668342699398597,285
T07,standalone_gaf_pca6,0.7755102040816326,0.7753623188405797,0.47668342699398597,285
T07,standalone_gaf_pca6,0.8027210884353742,0.7753623188405797,0.47668342699398597,285
T07,standalone_gaf_pca6,0.8163265306122449,0.7753623188405797,0.47668342699398597,285
T07,standalone_gaf_pca6,0.8163265306122449,0.782608695652174,0.47668342699398597,285
T07,standalone_gaf_pca6,0.8435374149659864,0.782608695652174,0.47668342699398597,285
T07,standalone_gaf_pca6,0.8435374149659864,0.7898550724637681,0.47668342699398597,285
T07,standalone_gaf_pca6,0.8435374149659864,0.8478260869565217,0.47668342699398597,285
T07,standalone_gaf_pca6,0.8571428571428571,0.8478260869565217,0.47668342699398597,285
T07,standalone_gaf_pca6,0.8775510204081632,0.8478260869565217,0.47668342699398597,285
T07,standalone_gaf_pca6,0.8775510204081632,0.8623188405797102,0.47668342699398597,285
T07,standalone_gaf_pca6,0.8775510204081632,0.8768115942028986,0.47668342699398597,285
T07,standalone_gaf_pca6,0.8775510204081632,0.8985507246376812,0.47668342699398597,285
T07,standalone_gaf_pca6,0.8843537414965986,0.8985507246376812,0.47668342699398597,285
T07,standalone_gaf_pca6,0.9047619047619048,0.8985507246376812,0.47668342699398597,285
T07,standalone_gaf_pca6,0.9047619047619048,0.9130434782608695,0.47668342699398597,285
T07,standalone_gaf_pca6,0.9319727891156463,0.9130434782608695,0.47668342699398597,285
T07,standalone_gaf_pca6,0.9319727891156463,0.9202898550724637,0.47668342699398597,285
T07,standalone_gaf_pca6,0.9591836734693877,0.9202898550724637,0.47668342699398597,285
T07,standalone_gaf_pca6,0.9591836734693877,0.9492753623188406,0.47668342699398597,285
T07,standalone_gaf_pca6,0.9591836734693877,0.9710144927536232,0.47668342699398597,285
T07,standalone_gaf_pca6,0.9727891156462585,0.9710144927536232,0.47668342699398597,285
T07,standalone_gaf_pca6,0.9727891156462585,0.9782608695652174,0.47668342699398597,285
T07,standalone_gaf_pca6,0.9863945578231292,0.9782608695652174,0.47668342699398597,285
T07,standalone_gaf_pca6,0.9931972789115646,0.9782608695652174,0.47668342699398597,285
T07,standalone_gaf_pca6,0.9931972789115646,0.9855072463768116,0.47668342699398597,285
T07,standalone_gaf_pca6,0.9931972789115646,1.0,0.47668342699398597,285
T07,standalone_gaf_pca6,1.0,1.0,0.47668342699398597,285
T07,standalone_gaf_bit6,0.0,0.0,0.9047619047619047,285
T07,standalone_gaf_bit6,0.0,0.021739130434782608,0.9047619047619047,285
T07,standalone_gaf_bit6,0.0,0.050724637681159424,0.9047619047619047,285
T07,standalone_gaf_bit6,0.0,0.057971014492753624,0.9047619047619047,285
T07,standalone_gaf_bit6,0.0,0.08695652173913043,0.9047619047619047,285
T07,standalone_gaf_bit6,0.0,0.09420289855072464,0.9047619047619047,285
T07,standalone_gaf_bit6,0.0,0.10869565217391304,0.9047619047619047,285
T07,standalone_gaf_bit6,0.0,0.13043478260869565,0.9047619047619047,285
T07,standalone_gaf_bit6,0.0,0.15942028985507245,0.9047619047619047,285
T07,standalone_gaf_bit6,0.0,0.17391304347826086,0.9047619047619047,285
T07,standalone_gaf_bit6,0.0,0.2028985507246377,0.9047619047619047,285
T07,standalone_gaf_bit6,0.0,0.21739130434782608,0.9047619047619047,285
T07,standalone_gaf_bit6,0.0,0.2246376811594203,0.9047619047619047,285
T07,standalone_gaf_bit6,0.0,0.2463768115942029,0.9047619047619047,285
T07,standalone_gaf_bit6,0.0,0.2753623188405797,0.9047619047619047,285
T07,standalone_gaf_bit6,0.0,0.3333333333333333,0.9047619047619047,285
T07,standalone_gaf_bit6,0.0,0.34057971014492755,0.9047619047619047,285
T07,standalone_gaf_bit6,0.0,0.35507246376811596,0.9047619047619047,285
T07,standalone_gaf_bit6,0.006802721088435374,0.35507246376811596,0.9047619047619047,285
T07,standalone_gaf_bit6,0.006802721088435374,0.3695652173913043,0.9047619047619047,285
T07,standalone_gaf_bit6,0.006802721088435374,0.391304347826087,0.9047619047619047,285
T07,standalone_gaf_bit6,0.006802721088435374,0.4057971014492754,0.9047619047619047,285
T07,standalone_gaf_bit6,0.006802721088435374,0.41304347826086957,0.9047619047619047,285
T07,standalone_gaf_bit6,0.006802721088435374,0.45652173913043476,0.9047619047619047,285
T07,standalone_gaf_bit6,0.006802721088435374,0.463768115942029,0.9047619047619047,285
T07,standalone_gaf_bit6,0.006802721088435374,0.4782608695652174,0.9047619047619047,285
T07,standalone_gaf_bit6,0.006802721088435374,0.5,0.9047619047619047,285
T07,standalone_gaf_bit6,0.04081632653061224,0.5,0.9047619047619047,285
T07,standalone_gaf_bit6,0.06802721088435375,0.5,0.9047619047619047,285
T07,standalone_gaf_bit6,0.06802721088435375,0.5144927536231884,0.9047619047619047,285
T07,standalone_gaf_bit6,0.06802721088435375,0.5579710144927537,0.9047619047619047,285
T07,standalone_gaf_bit6,0.10204081632653061,0.5579710144927537,0.9047619047619047,285
T07,standalone_gaf_bit6,0.10204081632653061,0.5869565217391305,0.9047619047619047,285
T07,standalone_gaf_bit6,0.1292517006802721,0.5869565217391305,0.9047619047619047,285
T07,standalone_gaf_bit6,0.1292517006802721,0.6159420289855072,0.9047619047619047,285
T07,standalone_gaf_bit6,0.1292517006802721,0.6231884057971014,0.9047619047619047,285
T07,standalone_gaf_bit6,0.1292517006802721,0.6521739130434783,0.9047619047619047,285
T07,standalone_gaf_bit6,0.1292517006802721,0.6739130434782609,0.9047619047619047,285
T07,standalone_gaf_bit6,0.1292517006802721,0.7318840579710145,0.9047619047619047,285
T07,standalone_gaf_bit6,0.14285714285714285,0.7318840579710145,0.9047619047619047,285
T07,standalone_gaf_bit6,0.14285714285714285,0.7608695652173914,0.9047619047619047,285
T07,standalone_gaf_bit6,0.14285714285714285,0.782608695652174,0.9047619047619047,285
T07,standalone_gaf_bit6,0.14285714285714285,0.7971014492753623,0.9047619047619047,285
T07,standalone_gaf_bit6,0.14965986394557823,0.7971014492753623,0.9047619047619047,285
T07,standalone_gaf_bit6,0.14965986394557823,0.8043478260869565,0.9047619047619047,285
T07,standalone_gaf_bit6,0.14965986394557823,0.8333333333333334,0.9047619047619047,285
T07,standalone_gaf_bit6,0.1564625850340136,0.8333333333333334,0.9047619047619047,285
T07,standalone_gaf_bit6,0.1836734693877551,0.8333333333333334,0.9047619047619047,285
T07,standalone_gaf_bit6,0.1836734693877551,0.8405797101449275,0.9047619047619047,285
T07,standalone_gaf_bit6,0.2108843537414966,0.8405797101449275,0.9047619047619047,285
T07,standalone_gaf_bit6,0.2108843537414966,0.8478260869565217,0.9047619047619047,285
T07,standalone_gaf_bit6,0.2108843537414966,0.9057971014492754,0.9047619047619047,285
T07,standalone_gaf_bit6,0.25170068027210885,0.9057971014492754,0.9047619047619047,285
T07,standalone_gaf_bit6,0.25170068027210885,0.9347826086956522,0.9047619047619047,285
T07,standalone_gaf_bit6,0.25170068027210885,0.9420289855072463,0.9047619047619047,285
T07,standalone_gaf_bit6,0.272108843537415,0.9420289855072463,0.9047619047619047,285
T07,standalone_gaf_bit6,0.2789115646258503,0.9420289855072463,0.9047619047619047,285
T07,standalone_gaf_bit6,0.30612244897959184,0.9420289855072463,0.9047619047619047,285
T07,standalone_gaf_bit6,0.30612244897959184,0.9492753623188406,0.9047619047619047,285
T07,standalone_gaf_bit6,0.3197278911564626,0.9492753623188406,0.9047619047619047,285
T07,standalone_gaf_bit6,0.3469387755102041,0.9492753623188406,0.9047619047619047,285
T07,standalone_gaf_bit6,0.36054421768707484,0.9492753623188406,0.9047619047619047,285
T07,standalone_gaf_bit6,0.3741496598639456,0.9492753623188406,0.9047619047619047,285
T07,standalone_gaf_bit6,0.4013605442176871,0.9492753623188406,0.9047619047619047,285
T07,standalone_gaf_bit6,0.40816326530612246,0.9492753623188406,0.9047619047619047,285
T07,standalone_gaf_bit6,0.43537414965986393,0.9492753623188406,0.9047619047619047,285
T07,standalone_gaf_bit6,0.4421768707482993,0.9492753623188406,0.9047619047619047,285
T07,standalone_gaf_bit6,0.4421768707482993,0.9637681159420289,0.9047619047619047,285
T07,standalone_gaf_bit6,0.4489795918367347,0.9637681159420289,0.9047619047619047,285
T07,standalone_gaf_bit6,0.47619047619047616,0.9637681159420289,0.9047619047619047,285
T07,standalone_gaf_bit6,0.47619047619047616,0.9927536231884058,0.9047619047619047,285
T07,standalone_gaf_bit6,0.5034013605442177,0.9927536231884058,0.9047619047619047,285
T07,standalone_gaf_bit6,0.5170068027210885,0.9927536231884058,0.9047619047619047,285
T07,standalone_gaf_bit6,0.54421768707483,0.9927536231884058,0.9047619047619047,285
T07,standalone_gaf_bit6,0.5714285714285714,0.9927536231884058,0.9047619047619047,285
T07,standalone_gaf_bit6,0.5918367346938775,0.9927536231884058,0.9047619047619047,285
T07,standalone_gaf_bit6,0.6054421768707483,0.9927536231884058,0.9047619047619047,285
T07,standalone_gaf_bit6,0.6122448979591837,0.9927536231884058,0.9047619047619047,285
T07,standalone_gaf_bit6,0.6394557823129252,0.9927536231884058,0.9047619047619047,285
T07,standalone_gaf_bit6,0.6462585034013606,0.9927536231884058,0.9047619047619047,285
T07,standalone_gaf_bit6,0.6598639455782312,0.9927536231884058,0.9047619047619047,285
T07,standalone_gaf_bit6,0.6870748299319728,0.9927536231884058,0.9047619047619047,285
T07,standalone_gaf_bit6,0.7006802721088435,0.9927536231884058,0.9047619047619047,285
T07,standalone_gaf_bit6,0.7278911564625851,0.9927536231884058,0.9047619047619047,285
T07,standalone_gaf_bit6,0.7346938775510204,0.9927536231884058,0.9047619047619047,285
T07,standalone_gaf_bit6,0.7551020408163265,0.9927536231884058,0.9047619047619047,285
T07,standalone_gaf_bit6,0.7687074829931972,0.9927536231884058,0.9047619047619047,285
T07,standalone_gaf_bit6,0.8095238095238095,0.9927536231884058,0.9047619047619047,285
T07,standalone_gaf_bit6,0.8367346938775511,0.9927536231884058,0.9047619047619047,285
T07,standalone_gaf_bit6,0.8571428571428571,0.9927536231884058,0.9047619047619047,285
T07,standalone_gaf_bit6,0.8979591836734694,0.9927536231884058,0.9047619047619047,285
T07,standalone_gaf_bit6,0.9115646258503401,0.9927536231884058,0.9047619047619047,285
T07,standalone_gaf_bit6,0.9455782312925171,0.9927536231884058,0.9047619047619047,285
T07,standalone_gaf_bit6,1.0,0.9927536231884058,0.9047619047619047,285
T07,standalone_gaf_bit6,1.0,1.0,0.9047619047619047,285
T07,scalar_controls5,0.0,0.0,0.8869663807552006,285
T07,scalar_controls5,0.0,0.021739130434782608,0.8869663807552006,285
T07,scalar_controls5,0.0,0.07971014492753623,0.8869663807552006,285
T07,scalar_controls5,0.0,0.10144927536231885,0.8869663807552006,285
T07,scalar_controls5,0.0,0.11594202898550725,0.8869663807552006,285
T07,scalar_controls5,0.0,0.14492753623188406,0.8869663807552006,285
T07,scalar_controls5,0.0,0.15942028985507245,0.8869663807552006,285
T07,scalar_controls5,0.006802721088435374,0.15942028985507245,0.8869663807552006,285
T07,scalar_controls5,0.006802721088435374,0.16666666666666666,0.8869663807552006,285
T07,scalar_controls5,0.006802721088435374,0.21014492753623187,0.8869663807552006,285
T07,scalar_controls5,0.006802721088435374,0.2246376811594203,0.8869663807552006,285
T07,scalar_controls5,0.006802721088435374,0.2536231884057971,0.8869663807552006,285
T07,scalar_controls5,0.006802721088435374,0.2753623188405797,0.8869663807552006,285
T07,scalar_controls5,0.006802721088435374,0.2826086956521739,0.8869663807552006,285
T07,scalar_controls5,0.034013605442176874,0.2826086956521739,0.8869663807552006,285
T07,scalar_controls5,0.034013605442176874,0.3115942028985507,0.8869663807552006,285
T07,scalar_controls5,0.034013605442176874,0.3333333333333333,0.8869663807552006,285
T07,scalar_controls5,0.04081632653061224,0.3333333333333333,0.8869663807552006,285
T07,scalar_controls5,0.04081632653061224,0.36231884057971014,0.8869663807552006,285
T07,scalar_controls5,0.04081632653061224,0.3695652173913043,0.8869663807552006,285
T07,scalar_controls5,0.04081632653061224,0.38405797101449274,0.8869663807552006,285
T07,scalar_controls5,0.04081632653061224,0.4057971014492754,0.8869663807552006,285
T07,scalar_controls5,0.04081632653061224,0.43478260869565216,0.8869663807552006,285
T07,scalar_controls5,0.04081632653061224,0.463768115942029,0.8869663807552006,285
T07,scalar_controls5,0.04081632653061224,0.5072463768115942,0.8869663807552006,285
T07,scalar_controls5,0.04081632653061224,0.5362318840579711,0.8869663807552006,285
T07,scalar_controls5,0.06802721088435375,0.5362318840579711,0.8869663807552006,285
T07,scalar_controls5,0.06802721088435375,0.5434782608695652,0.8869663807552006,285
T07,scalar_controls5,0.06802721088435375,0.572463768115942,0.8869663807552006,285
T07,scalar_controls5,0.06802721088435375,0.6159420289855072,0.8869663807552006,285
T07,scalar_controls5,0.06802721088435375,0.6304347826086957,0.8869663807552006,285
T07,scalar_controls5,0.06802721088435375,0.6376811594202898,0.8869663807552006,285
T07,scalar_controls5,0.09523809523809523,0.6376811594202898,0.8869663807552006,285
T07,scalar_controls5,0.09523809523809523,0.6666666666666666,0.8869663807552006,285
T07,scalar_controls5,0.09523809523809523,0.6739130434782609,0.8869663807552006,285
T07,scalar_controls5,0.09523809523809523,0.7028985507246377,0.8869663807552006,285
T07,scalar_controls5,0.10884353741496598,0.7028985507246377,0.8869663807552006,285
T07,scalar_controls5,0.1360544217687075,0.7028985507246377,0.8869663807552006,285
T07,scalar_controls5,0.1360544217687075,0.7318840579710145,0.8869663807552006,285
T07,scalar_controls5,0.17006802721088435,0.7318840579710145,0.8869663807552006,285
T07,scalar_controls5,0.17006802721088435,0.7463768115942029,0.8869663807552006,285
T07,scalar_controls5,0.17006802721088435,0.7753623188405797,0.8869663807552006,285
T07,scalar_controls5,0.1836734693877551,0.7753623188405797,0.8869663807552006,285
T07,scalar_controls5,0.2108843537414966,0.7753623188405797,0.8869663807552006,285
T07,scalar_controls5,0.21768707482993196,0.7753623188405797,0.8869663807552006,285
T07,scalar_controls5,0.21768707482993196,0.8043478260869565,0.8869663807552006,285
T07,scalar_controls5,0.23129251700680273,0.8043478260869565,0.8869663807552006,285
T07,scalar_controls5,0.23129251700680273,0.8333333333333334,0.8869663807552006,285
T07,scalar_controls5,0.2585034013605442,0.8333333333333334,0.8869663807552006,285
T07,scalar_controls5,0.272108843537415,0.8333333333333334,0.8869663807552006,285
T07,scalar_controls5,0.272108843537415,0.8478260869565217,0.8869663807552006,285
T07,scalar_controls5,0.2857142857142857,0.8478260869565217,0.8869663807552006,285
T07,scalar_controls5,0.2857142857142857,0.855072463768116,0.8869663807552006,285
T07,scalar_controls5,0.29931972789115646,0.855072463768116,0.8869663807552006,285
T07,scalar_controls5,0.29931972789115646,0.8623188405797102,0.8869663807552006,285
T07,scalar_controls5,0.3129251700680272,0.8623188405797102,0.8869663807552006,285
T07,scalar_controls5,0.3129251700680272,0.8768115942028986,0.8869663807552006,285
T07,scalar_controls5,0.32653061224489793,0.8768115942028986,0.8869663807552006,285
T07,scalar_controls5,0.32653061224489793,0.8913043478260869,0.8869663807552006,285
T07,scalar_controls5,0.32653061224489793,0.9202898550724637,0.8869663807552006,285
T07,scalar_controls5,0.32653061224489793,0.9347826086956522,0.8869663807552006,285
T07,scalar_controls5,0.35374149659863946,0.9347826086956522,0.8869663807552006,285
T07,scalar_controls5,0.36054421768707484,0.9347826086956522,0.8869663807552006,285
T07,scalar_controls5,0.3877551020408163,0.9347826086956522,0.8869663807552006,285
T07,scalar_controls5,0.3945578231292517,0.9347826086956522,0.8869663807552006,285
T07,scalar_controls5,0.3945578231292517,0.9637681159420289,0.8869663807552006,285
T07,scalar_controls5,0.4217687074829932,0.9637681159420289,0.8869663807552006,285
T07,scalar_controls5,0.4557823129251701,0.9637681159420289,0.8869663807552006,285
T07,scalar_controls5,0.46938775510204084,0.9637681159420289,0.8869663807552006,285
T07,scalar_controls5,0.5238095238095238,0.9637681159420289,0.8869663807552006,285
T07,scalar_controls5,0.5374149659863946,0.9637681159420289,0.8869663807552006,285
T07,scalar_controls5,0.5578231292517006,0.9637681159420289,0.8869663807552006,285
T07,scalar_controls5,0.5578231292517006,0.9927536231884058,0.8869663807552006,285
T07,scalar_controls5,0.5782312925170068,0.9927536231884058,0.8869663807552006,285
T07,scalar_controls5,0.6054421768707483,0.9927536231884058,0.8869663807552006,285
T07,scalar_controls5,0.6258503401360545,0.9927536231884058,0.8869663807552006,285
T07,scalar_controls5,0.6530612244897959,0.9927536231884058,0.8869663807552006,285
T07,scalar_controls5,0.673469387755102,0.9927536231884058,0.8869663807552006,285
T07,scalar_controls5,0.6870748299319728,0.9927536231884058,0.8869663807552006,285
T07,scalar_controls5,0.7074829931972789,0.9927536231884058,0.8869663807552006,285
T07,scalar_controls5,0.7482993197278912,0.9927536231884058,0.8869663807552006,285
T07,scalar_controls5,0.7551020408163265,0.9927536231884058,0.8869663807552006,285
T07,scalar_controls5,0.7551020408163265,1.0,0.8869663807552006,285
T07,scalar_controls5,0.7619047619047619,1.0,0.8869663807552006,285
T07,scalar_controls5,0.7755102040816326,1.0,0.8869663807552006,285
T07,scalar_controls5,0.782312925170068,1.0,0.8869663807552006,285
T07,scalar_controls5,0.7959183673469388,1.0,0.8869663807552006,285
T07,scalar_controls5,0.8027210884353742,1.0,0.8869663807552006,285
T07,scalar_controls5,0.8571428571428571,1.0,0.8869663807552006,285
T07,scalar_controls5,0.8639455782312925,1.0,0.8869663807552006,285
T07,scalar_controls5,0.891156462585034,1.0,0.8869663807552006,285
T07,scalar_controls5,0.9251700680272109,1.0,0.8869663807552006,285
T07,scalar_controls5,0.9523809523809523,1.0,0.8869663807552006,285
T07,scalar_controls5,0.9591836734693877,1.0,0.8869663807552006,285
T07,scalar_controls5,0.9727891156462585,1.0,0.8869663807552006,285
T07,scalar_controls5,0.9931972789115646,1.0,0.8869663807552006,285
T07,scalar_controls5,1.0,1.0,0.8869663807552006,285
