term,estimate,cluster_se,pvalue,bh_qvalue
Intercept,-2.2673122279382647,0.4249608334215487,9.53635934927189e-08,1.0966813251662674e-06
C(hour)[T.1],-0.10837288230728855,0.1070550469705509,0.31138990988092297,0.3836768532461372
C(hour)[T.2],0.24933699668598916,0.16035114622023783,0.11995949019857721,0.1940407893797616
C(hour)[T.3],0.3312577749810313,0.1909909575355515,0.08284429597952947,0.1483840630064101
C(hour)[T.4],0.5660890227262648,0.20620886671829744,0.0060470060970070245,0.017446468414245835
C(hour)[T.5],1.0212365787277113,0.22203490076453167,4.236247480027093e-06,2.657282510198813e-05
C(hour)[T.6],1.397205662969209,0.2547213556617558,4.129277572602548e-08,5.698403050191515e-07
C(hour)[T.7],1.5705991448263825,0.2654129167781588,3.267355813804744e-09,7.514918371750911e-08
C(hour)[T.8],1.5435317156384263,0.2447812338852539,2.8678311800337114e-10,9.894017571116304e-09
C(hour)[T.9],1.3989881284481893,0.2448070016204097,1.099253006741935e-08,1.8962114366298377e-07
C(hour)[T.10],1.0227259532413266,0.25330833658282,5.4029712296103184e-05,0.00031067084570259333
C(hour)[T.11],1.00217564572085,0.21407256205327205,2.8481619945708973e-06,1.965231776253919e-05
C(hour)[T.12],0.9723732456774823,0.20756146849514853,2.803041167019777e-06,1.965231776253919e-05
C(hour)[T.13],0.910649296119854,0.19428367148134007,2.769482786424789e-06,1.965231776253919e-05
C(hour)[T.14],0.7913962490077923,0.16561015974181598,1.7645881327700363e-06,1.7393797308733214e-05
C(hour)[T.15],0.6029596016575277,0.18906676129249148,0.0014269876022240306,0.005470119141858784
C(hour)[T.16],0.3866545276223136,0.2096561487220531,0.06514937201741645,0.12486962970004821
C(hour)[T.17],0.28207171751738264,0.22291099150644295,0.20572773594429128,0.27298488038761726
C(hour)[T.18],0.26693242542627416,0.21361406559035948,0.21144520856234583,0.2752777243547521
C(hour)[T.19],0.4904222834393148,0.1938520815391341,0.011410191332868498,0.027148386274756083
C(hour)[T.20],0.6139932032548941,0.20550709398805178,0.0028108684418648466,0.00969749612443372
C(hour)[T.21],0.6638651689912669,0.1833508665130891,0.0002937656189136226,0.0014478448360742827
C(hour)[T.22],0.48413578918807043,0.15073784019674746,0.0013191837101927102,0.005470119141858784
C(hour)[T.23],0.28046952150991045,0.12505254272350866,0.024908848465193728,0.05544227561607636
C(month)[T.2],-22.765645010860663,1.0181040596005286,9.474873256130552e-111,6.537662546730081e-109
C(month)[T.7],-0.08274526193974906,0.21896205163064694,0.7055065699360524,0.7726976718347242
C(month)[T.8],-0.49129946391647233,0.2601685666031845,0.05897374461732463,0.1162625251027257
C(month)[T.9],-0.04867582502847401,0.19121903666885504,0.7990665640519442,0.8614936393685023
C(month)[T.10],-0.018529051835933237,0.1988074003777645,0.9257438667238824,0.9393577471168807
C(month)[T.11],0.024258906153846866,0.19540707445753222,0.9012000843728122,0.9281015794287171
C(month)[T.12],0.004525646230056198,0.24775520920982658,0.9854261693777261,0.9854261693777261
C(turbine)[T.HRPZ#02(F02)],0.10868025160375694,0.07517625133295655,0.14826903480868026,0.22240355221302038
C(turbine)[T.HRPZ#03(F03)],0.05608512655010941,0.0751379745449501,0.4554086009438806,0.5417791976746166
C(turbine)[T.HRPZ#04(F04)],0.04699669230280716,0.07150005835578098,0.5109906983788044,0.5975992913243644
C(turbine)[T.HRPZ#05(F05)],0.10259155436928222,0.06118500647460864,0.09359267446451203,0.15750962287930073
C(turbine)[T.HRPZ#06(F06)],0.03910152770176889,0.06977289729472137,0.5751988512315465,0.6506347661471591
C(turbine)[T.HRPZ#07(F07)],0.11358109883777598,0.07323527334926183,0.12092397019318477,0.1940407893797616
C(turbine)[T.HRPZ#08(F11)],0.11671666539727611,0.08304386001855124,0.15987794471873407,0.23138886473594175
C(turbine)[T.HRPZ#09(F12)],0.10937527950840226,0.08298029688488504,0.1874744091207754,0.2587146845866701
C(turbine)[T.HRPZ#10(F13)],0.012900668550379479,0.08214095083305459,0.875201295714352,0.914983172792277
C(turbine)[T.HRPZ#11(F08)],0.09544486436917786,0.06575199262251856,0.1466159396685894,0.22240355221302038
C(turbine)[T.HRPZ#12(F09)],0.030298239130423055,0.07623920096696726,0.6910649657429231,0.7690884296171241
C(turbine)[T.HRPZ#13(F10)],0.1369719123196021,0.07953713232942407,0.08504908988188939,0.1483840630064101
C(turbine)[T.HRPZ#14(F14)],0.16342547656543027,0.07651343949546002,0.03268711687171725,0.06834578982268152
C(turbine)[T.HRPZ#15(F15)],0.10246019935162412,0.07887342876918997,0.19392819891230928,0.26237344558724196
C(turbine)[T.HRPZ#16(F16)],0.10820756434157315,0.08005275021486681,0.17647025816818518,0.24849893497152606
C(turbine)[T.HRPZ#17(F17)],0.17815462317154865,0.07645231711706141,0.019791828538913907,0.04552120563950199
C(turbine)[T.HRPZ#18(F18)],0.22595886103148488,0.08033704191577574,0.004913723045141559,0.01541122227794398
C(turbine)[T.HRPZ#19(F19)],0.19370177003335934,0.0746851485903578,0.009498294788579595,0.023406512157571144
C(turbine)[T.HRPZ#20(F20)],0.23535635666858098,0.07677973063813122,0.0021741910387837664,0.007895746404004204
C(turbine)[T.HRPZ#21(S01)],0.21984345993318122,0.08212205437808401,0.007427729085747345,0.020500532276662674
C(turbine)[T.HRPZ#22(S02)],0.2318689274107998,0.07247982794067863,0.0013786585411008907,0.005470119141858784
C(turbine)[T.HRPZ#23(S03)],0.13799325656137815,0.08037920952053217,0.08601974667038267,0.1483840630064101
C(turbine)[T.HRPZ#24(S06)],0.07377297313198808,0.06946062867911346,0.2881978746488846,0.36155733365041887
C(turbine)[T.HRPZ#25(S07)],0.17386428164977963,0.06607261869213103,0.00850308851050316,0.021730115082396962
C(turbine)[T.HRPZ#26(S15)],0.07582358918627408,0.07866768400478058,0.33512277943364643,0.40567494352494043
C(turbine)[T.HRPZ#27(S08)],0.10302879308787471,0.08717147668452771,0.23724162726548093,0.30314207928367004
C(turbine)[T.HRPZ#28(S09)],0.17295854831093482,0.08415711458741115,0.03986101459783614,0.08089441197796157
C(turbine)[T.HRPZ#29(S10)],0.10896662611391854,0.07308759731928192,0.1359865755972234,0.21325167536837308
C(turbine)[T.HRPZ#30(S11)],0.10487879399084639,0.07481565621049802,0.16096616677282904,0.23138886473594175
C(turbine)[T.HRPZ#31(S12)],0.17881062277199375,0.08163962614224506,0.028506615496993248,0.06146738966539169
C(turbine)[T.HRPZ#32(S13)],0.22110639531274281,0.0805761994852087,0.006068336839737682,0.017446468414245835
C(turbine)[T.HRPZ#33(S14)],0.21817647122208436,0.06413487765794147,0.0006693427421033566,0.0030789766136754405
a,0.3323105555324409,0.11456854751495378,0.0037252131970527463,0.012239986218887593
pre_power4,0.2840846599593829,0.10768394423297675,0.008336366700907984,0.021730115082396962
pre_speed4,0.2244090262332017,0.0590577039486863,0.00014479744919638774,0.000768540307273135
pre_change4,-0.036752769497314076,0.06103450225716066,0.5470650911313893,0.6291248548010978
pre_sin,0.027314348336644773,0.11996975199772324,0.8198973858926193,0.8703526096398574
pre_cos,0.18467909519579367,0.104651999215973,0.07761466106372358,0.14474085441613316
