site,config,candidate_events,matched_events,coverage,unmatched_events,matched_duration_hours_median,unmatched_duration_hours_median,matched_amplitude_median,unmatched_amplitude_median,matched_power_range_median,unmatched_power_range_median,matched_power_start_median,unmatched_power_start_median,matched_direction_median,unmatched_direction_median
hill,adaptive_corridor,8032,7979,0.9934013944223108,53,1.0,3.0,-0.2005377462635869,0.2090128757642663,0.3165921153192935,0.254065082937047,0.4922318699048913,0.4481832841513813,-1.0,1.0
hill,endpoint_corridor_0.025,7740,7628,0.9855297157622739,112,0.5,0.5,-0.2004862821274909,-0.20445841029070427,0.27470290916553447,0.24510109500608573,0.49505873528079714,0.5290500607697861,-1.0,-1.0
hill,endpoint_corridor_0.050,8585,8551,0.996039603960396,34,0.5,1.5,-0.2005144511789515,0.2020751079614611,0.2850786778546762,0.22394587475320565,0.4888472316576087,0.30501245913298236,-1.0,1.0
hill,endpoint_corridor_0.100,8952,8874,0.9912868632707775,78,1.0,1.5,9.199501811996136e-07,0.00014990765115491245,0.31037205350571784,0.2294553143045176,0.4853966489045516,0.3754274075273154,0.0,0.0
hill,financial_tail_1h,2177,2126,0.9765732659623335,51,1.0,1.0,-0.2197433781278305,0.1040157318115234,0.3961589763475501,0.1750323309414628,0.5345174618043762,0.3990796340721241,-1.0,1.0
hill,financial_tail_2h,1467,1457,0.9931833674164963,10,2.5,2.0,-0.2485436215608016,-0.11223254549330555,0.5290985682390739,0.179235434324845,0.5487063731317935,0.2154613771300385,-1.0,-1.0
hill,financial_tail_4h,1091,1078,0.9880843263061412,13,5.0,4.0,-0.2432888860287873,-0.1771511796591938,0.6424904328498288,0.2415614031363225,0.530712943699049,0.6438923092164855,-1.0,-1.0
hill,mean_shift_1h,4526,4524,0.9995581087052585,2,2.0,2.5,0.03735071818033845,-0.3566838184301404,0.43242980072463755,0.6183005512624548,0.4989811330601789,0.7779876797441123,1.0,0.0
hill,mean_shift_2h,2660,2625,0.9868421052631579,35,4.5,8.5,0.0038666921422101,0.214073508442312,0.6014086604463881,0.7857316965296649,0.4870530457427536,0.486030759949615,1.0,1.0
hill,mean_shift_4h,1328,1209,0.9103915662650602,119,10.5,17.0,-0.0108698527018229,0.1263917508332625,0.7350726981784986,0.8222700699515963,0.4293882773579031,0.4542691526551177,-1.0,1.0
hill,opsda_cui2015_1h_0.025,3665,3665,1.0,0,1.0,,0.2029122349835824,,0.3262995711616847,,0.510998968594316,,1.0,
hill,opsda_cui2015_2h_0.025,6774,6774,1.0,0,1.5,,0.2024416848887567,,0.3505860635508661,,0.4942342078167459,,1.0,
hill,opsda_cui2015_4h_0.025,9953,9279,0.9322817241032855,674,2.0,3.0,0.2015679843183876,0.200512058423913,0.3843539959451427,0.3448582745980525,0.4883032624617867,0.4783428424337635,1.0,1.0
hill,sda_florita2013_0.025,5315,5309,0.9988711194731891,6,1.0,6.25,0.2013858164911685,-0.2911814725571784,0.3253447336390398,0.2953929337211276,0.4953258215862772,0.9958918917006341,1.0,-1.0
hill,threshold_1h,7040,6994,0.993465909090909,46,1.0,1.0,0.1923415905496348,0.2039086239579795,0.3424236242321954,0.21917036858157835,0.48183929001075637,0.3683645541426064,1.0,1.0
hill,threshold_2h,5402,5226,0.9674194742687894,176,3.0,2.0,0.0610800900666609,0.12737188809159872,0.4383445374862007,0.2618898165053215,0.4766096430239469,0.40041577767634734,1.0,1.0
hill,threshold_4h,3280,2850,0.8689024390243902,430,6.5,4.5,-0.0234011973505434,0.20035682346509848,0.595148871048637,0.38252618651459175,0.4638839898593184,0.379355955262115,-1.0,1.0
lahaute,adaptive_corridor,1109,1103,0.9945897204688909,6,1.0,2.5,-0.2019414650406504,-0.0013674804878048424,0.266143094308943,0.21466097804878045,0.4408861837398374,0.38802194959349595,-1.0,0.0
lahaute,endpoint_corridor_0.025,811,808,0.9963008631319359,3,0.5,0.5,0.20183902520325198,0.2078260081300812,0.24254471626016255,0.2166292699186991,0.4342170674796748,0.4613105674796747,1.0,1.0
lahaute,endpoint_corridor_0.050,1094,1086,0.9926873857404022,8,1.0,1.5,0.20180487804878044,0.20606666715447156,0.25247559186991864,0.21233007365853665,0.41920812764227633,0.4795219520325203,1.0,1.0
lahaute,endpoint_corridor_0.100,1257,1223,0.9729514717581543,34,1.0,3.0,-0.2024422845528454,-0.2064585398373984,0.2760699170731707,0.23067317788617886,0.436702437398374,0.31290813252032523,-1.0,-1.0
lahaute,financial_tail_1h,760,595,0.7828947368421053,165,1.0,1.0,-0.1476926813008129,-0.1163349495934958,0.2580243902439025,0.1591154471544715,0.4605804861788617,0.3416487837398373,-1.0,-1.0
lahaute,financial_tail_2h,568,529,0.9313380281690141,39,2.5,2.0,-0.1555008113821138,0.1082618048780489,0.3130650406504065,0.1491528520325203,0.4306162666666666,0.2184065105691056,-1.0,1.0
lahaute,financial_tail_4h,373,352,0.9436997319034852,21,5.0,4.5,-0.18133740089430894,0.1259691056910569,0.4014585374796747,0.1924195105691057,0.4274707276422764,0.1319951203252032,-1.0,1.0
lahaute,mean_shift_1h,514,514,1.0,0,1.5,,0.19062276178861784,,0.34363414308943085,,0.40325691300813,,1.0,
lahaute,mean_shift_2h,437,435,0.9954233409610984,2,4.0,7.25,0.1053593479674797,0.15968211560975604,0.4219317073170732,0.5614764224390243,0.3885772373983739,0.24602438926829265,1.0,1.0
lahaute,mean_shift_4h,265,256,0.9660377358490566,9,10.0,18.0,0.014508946341463401,-0.219156094308943,0.5179487930081301,0.6653902591869917,0.3422178861788618,0.3724341430894308,1.0,-1.0
lahaute,opsda_cui2015_1h_0.025,337,337,1.0,0,1.0,,-0.2060178959349593,,0.266113830894309,,0.468452056910569,,-1.0,
lahaute,opsda_cui2015_2h_0.025,782,782,1.0,0,1.5,,-0.2014455138211382,,0.2860878016260163,,0.4272325203252032,,-1.0,
lahaute,opsda_cui2015_4h_0.025,1490,1363,0.9147651006711409,127,2.0,3.0,0.2006487837398373,-0.2111251772357723,0.3104975739837398,0.2817625837398374,0.403593500813008,0.454489430894309,1.0,-1.0
lahaute,sda_florita2013_0.025,667,667,1.0,0,1.0,,0.2036471544715447,,0.2674568926829268,,0.3980861853658536,,1.0,
lahaute,threshold_1h,958,940,0.9812108559498957,18,1.0,1.0,-0.17545529349593494,0.2132544590243902,0.2722260203252032,0.21606259674796735,0.4352617853658537,0.31538211463414634,-1.0,1.0
lahaute,threshold_2h,1060,1016,0.9584905660377359,44,2.5,2.0,0.1110951113821138,0.18791788520325198,0.32086097479674797,0.2271967398373984,0.4027121951219511,0.38229105528455287,1.0,1.0
lahaute,threshold_4h,812,696,0.8571428571428571,116,5.5,4.5,-0.0289650560975609,0.1913837422764228,0.4098812983739838,0.2776211382113821,0.38131788699186997,0.30181382032520326,-1.0,1.0
pizhou,adaptive_corridor,9769,9696,0.9925273825365953,73,1.0,2.0,0.2000217180485624,-0.2031530033466761,0.31739851967491745,0.2486406901094373,0.5354561071240624,0.4648251403125928,1.0,-1.0
pizhou,endpoint_corridor_0.025,9274,9048,0.9756307957731292,226,0.5,0.5,-0.20217362918689924,-0.21842034658693577,0.271258679481033,0.2423184359499585,0.5601121770972453,0.6109047169235254,-1.0,-1.0
pizhou,endpoint_corridor_0.050,10613,10504,0.9897295769339489,109,0.5,1.5,-0.2044382063084601,-0.206556267099818,0.2856803333672226,0.221323705376986,0.544737131236755,0.3802418568196822,-1.0,-1.0
pizhou,endpoint_corridor_0.100,10493,10377,0.9889450109596875,116,1.0,1.5,-0.2029935134518698,0.0001368871466219529,0.3243636340484821,0.22568097166287127,0.5393579995530616,0.37465545723327176,-1.0,0.0
pizhou,financial_tail_1h,1030,1014,0.9844660194174757,16,1.0,1.0,-0.1961542680709678,-0.16085950922269227,0.43811479435852546,0.1789581123878117,0.5824726564965311,0.636405902456483,-1.0,-1.0
pizhou,financial_tail_2h,708,707,0.998587570621469,1,2.5,2.5,-0.2792279066843696,0.5789737411057645,0.5597375401676742,0.5789737411057645,0.5910118933240004,0.2016573828892671,-1.0,1.0
pizhou,financial_tail_4h,496,492,0.9919354838709677,4,4.5,5.5,-0.3307729971059906,-0.023385135218186345,0.7151653888994634,0.31532414804206904,0.6686356222256076,0.42771141761902653,-1.0,0.0
pizhou,mean_shift_1h,5717,5712,0.9991254154276719,5,2.0,3.5,-0.12585273408177283,-0.6443242612293234,0.4471067615660212,0.6978035456875209,0.5654715956495275,0.9303895196584926,-1.0,-1.0
pizhou,mean_shift_2h,3316,3283,0.9900482509047045,33,5.0,8.0,-0.0015583337999499,0.43264450258994,0.6025322413947188,0.7435930086330982,0.5017193140646617,0.3515146070001712,-1.0,1.0
pizhou,mean_shift_4h,1425,1356,0.9515789473684211,69,10.0,16.5,-0.03963160906057825,0.1343967377594414,0.7192997145769374,0.9038576298907206,0.4859593557028329,0.4492784466760148,-1.0,1.0
pizhou,opsda_cui2015_1h_0.025,4452,4452,1.0,0,1.0,,-0.20321164908178274,,0.3188717610294284,,0.5724245756376831,,-1.0,
pizhou,opsda_cui2015_2h_0.025,8674,8666,0.9990777034816694,8,1.5,2.0,-0.20755068899337145,-0.2866422977021901,0.3462322997582816,0.32300159907802584,0.5522084234838629,0.6790930542826641,-1.0,-1.0
pizhou,opsda_cui2015_4h_0.025,13284,12262,0.9230653417645287,1022,2.0,3.0,-0.20739589068219472,-0.2162426328616194,0.39208722854200984,0.36131130851562776,0.5368255181586847,0.5164267254176282,-1.0,-1.0
pizhou,sda_florita2013_0.025,7304,7294,0.9986308871851041,10,1.0,4.75,-0.2042804164013199,-0.2179446061756593,0.3184600279288926,0.2669892628237638,0.5412162500086257,0.9985088524289174,-1.0,-1.0
pizhou,threshold_1h,8396,8307,0.989399714149595,89,1.5,1.0,-0.2009494200416877,-0.2007651238854715,0.3558153663610661,0.2248368801185213,0.5400335159888446,0.4463120977203613,-1.0,-1.0
pizhou,threshold_2h,6346,6171,0.9724235739048219,175,3.0,2.0,-0.0857905627270123,0.1372377442301247,0.4554234421822669,0.23314565457929,0.4941487319111408,0.3931707611274439,-1.0,1.0
pizhou,threshold_4h,3539,3208,0.9064707544504097,331,6.0,4.5,-0.07323455370646151,0.2025248049904998,0.5901380505400481,0.3393730080863018,0.5004922027753227,0.3721137995194051,-1.0,1.0
suining,adaptive_corridor,3538,3506,0.9909553420011306,32,1.0,2.5,-0.20056978688870053,0.2058054723102271,0.307493230065842,0.22360788457538333,0.4929213170659664,0.28661074875948966,-1.0,1.0
suining,endpoint_corridor_0.025,3111,3050,0.9803921568627451,61,0.5,0.5,0.20004407231872945,0.2025522012130484,0.2769118822609917,0.2412478741745375,0.5115616043711193,0.5597048780972427,1.0,1.0
suining,endpoint_corridor_0.050,3571,3546,0.9929991598991879,25,0.5,1.5,-0.20176726042220489,-0.2040996653112348,0.2835453993925692,0.2150820097256286,0.49723752750059946,0.2755586113047091,-1.0,-1.0
suining,endpoint_corridor_0.100,3731,3696,0.9906191369606003,35,1.0,1.5,0.20006206707299834,-0.2001365017613263,0.30832010712306157,0.237611050343116,0.49113241622548304,0.3282746844827069,1.0,-1.0
suining,financial_tail_1h,864,814,0.9421296296296297,50,1.0,1.0,-0.22424738830240548,0.12508899716959293,0.3780176235638309,0.15282975425486256,0.5432521835268822,0.25039745763792426,-1.0,1.0
suining,financial_tail_2h,554,547,0.9873646209386282,7,2.5,2.0,-0.2148334294199312,0.1588284723668501,0.4946807776965511,0.1611420768960148,0.5140442860388114,0.1536879185035014,-1.0,1.0
suining,financial_tail_4h,375,367,0.9786666666666667,8,5.0,4.5,0.1376379800811991,0.1875318228672731,0.6065256281599618,0.19750554419359695,0.4716266814925886,0.13696426619463942,1.0,1.0
suining,mean_shift_1h,1938,1935,0.9984520123839009,3,2.0,3.5,-0.1271925849278878,-0.3196985221742779,0.4236737406420711,0.5378674086667239,0.5060339501723349,0.593261205649682,-1.0,-1.0
suining,mean_shift_2h,1145,1133,0.9895196506550218,12,5.0,8.25,-0.0432503845104598,0.10126469772658109,0.5838894136076246,0.8022049030474669,0.4509259316329111,0.25494027892438054,-1.0,1.0
suining,mean_shift_4h,625,582,0.9312,43,10.0,17.5,-0.01568406986248815,-0.3798313960040355,0.6922062646505884,0.8078559532315248,0.4257679539827963,0.6667487444031936,-1.0,-1.0
suining,opsda_cui2015_1h_0.025,1534,1534,1.0,0,1.0,,-0.20019570272728,,0.3136543585989921,,0.5270484397260256,,-1.0,
suining,opsda_cui2015_2h_0.025,2930,2930,1.0,0,1.5,,-0.20146647307402676,,0.34167444424161925,,0.5112016885938585,,-1.0,
suining,opsda_cui2015_4h_0.025,4407,4132,0.9375992738824597,275,2.0,3.0,0.2009029924180448,0.2173211554835526,0.369523138616512,0.3278104343971921,0.4838874770882896,0.3883843192046956,1.0,1.0
suining,sda_florita2013_0.025,2320,2314,0.9974137931034482,6,1.0,7.5,-0.20019570272728,-0.424546180811725,0.3162547552792454,0.42753361747657614,0.5074545449380041,0.9871012124909992,-1.0,-1.0
suining,threshold_1h,2953,2923,0.9898408398239079,30,1.0,1.0,-0.2000347905941246,0.20395969576989645,0.336054190174364,0.2122772329703262,0.4855078991973499,0.3391072077436359,-1.0,1.0
suining,threshold_2h,2402,2316,0.9641965029142381,86,2.5,2.0,-0.16669525871504937,0.20197372063822724,0.4199645494483858,0.24172950270949226,0.4445876860823037,0.3318090625204483,-1.0,1.0
suining,threshold_4h,1420,1289,0.9077464788732394,131,6.0,4.5,-0.071843860286803,-0.1854418678630019,0.5445172909089961,0.3319968910791249,0.4250724469441346,0.3726643948138659,-1.0,-1.0
yandun,adaptive_corridor,22738,22686,0.9977130794265107,52,0.5,2.75,-0.2029999999999999,-0.20454166666666665,0.328,0.23304166666666665,0.3566666666666667,0.23325,-1.0,-1.0
yandun,endpoint_corridor_0.025,22091,21816,0.9875514915576479,275,0.5,0.5,-0.2009999999999999,0.20575,0.31341666666666657,0.2765,0.3726666666666666,0.4695,-1.0,1.0
yandun,endpoint_corridor_0.050,23602,23542,0.9974578425557156,60,0.5,1.5,-0.2016666666666666,-0.20437499999999997,0.31858333333333333,0.21570833333333328,0.352875,0.229875,-1.0,-1.0
yandun,endpoint_corridor_0.100,24016,23849,0.9930463024650233,167,1.0,2.5,-0.2086666666666666,-0.208,0.341,0.2283333333333332,0.3353333333333333,0.238,-1.0,-1.0
yandun,financial_tail_1h,16311,14491,0.8884188584390902,1820,1.5,1.0,0.1066666666666666,-0.102375,0.43875,0.1505833333333333,0.271,0.12987500000000002,1.0,-1.0
yandun,financial_tail_2h,11798,11420,0.9679606713002203,378,2.5,2.0,0.1151666666666666,0.1003333333333333,0.5539999999999999,0.1578333333333333,0.22075,0.11066666666666665,1.0,1.0
yandun,financial_tail_4h,9292,8955,0.9637322427894963,337,5.0,4.5,0.0693333333333333,0.1346666666666666,0.656,0.1776666666666666,0.2195,0.02,1.0,1.0
yandun,mean_shift_1h,13634,13631,0.9997799618600557,3,2.0,3.5,0.0262499999999999,-0.292,0.52775,0.6825000000000001,0.3113333333333333,0.664,1.0,-1.0
yandun,mean_shift_2h,10092,10081,0.9989100277447484,11,5.0,8.5,0.0066666666666667,0.1265,0.6885,0.94575,0.213,0.2435,1.0,1.0
yandun,mean_shift_4h,6386,5968,0.9345443156905732,418,10.5,17.0,0.015875,-0.07549999999999996,0.8435,1.007625,0.1093333333333333,0.1755833333333333,1.0,-1.0
yandun,opsda_cui2015_1h_0.025,10746,10746,1.0,0,1.0,,-0.21725,,0.37575,,0.404,,-1.0,
yandun,opsda_cui2015_2h_0.025,19078,19078,1.0,0,1.5,,-0.2199999999999999,,0.40070833333333333,,0.3787083333333333,,-1.0,
yandun,opsda_cui2015_4h_0.025,27767,26549,0.9561349803723845,1218,2.0,3.0,-0.2204999999999999,-0.253,0.4313333333333333,0.354875,0.3513333333333333,0.35350000000000004,-1.0,-1.0
yandun,sda_florita2013_0.025,16478,16325,0.9907148925840514,153,1.0,7.5,-0.204,0.26325,0.3633333333333333,0.3083333333333333,0.357,0.00075,-1.0,1.0
yandun,threshold_1h,18648,18594,0.997104247104247,54,1.5,1.0,0.11737500000000001,0.20399999999999996,0.411,0.21775,0.314875,0.21475,1.0,1.0
yandun,threshold_2h,16597,16352,0.9852382960776044,245,3.0,2.0,0.09124999999999994,0.2005,0.49625,0.2425,0.2686666666666666,0.212,1.0,1.0
yandun,threshold_4h,13467,12730,0.945273631840796,737,6.0,4.5,-0.0533749999999999,-0.0829999999999999,0.6078749999999999,0.2965,0.24941666666666665,0.2126666666666666,-1.0,-1.0
