site,config_a,config_b,pairs,left_candidates,right_candidates,left_coverage,right_coverage,mean_iou,iou_ge_030,iou_ge_050,iou_ge_070
hill,adaptive_corridor,endpoint_corridor_0.025,5849,8032,7740,0.7282121513944223,0.7556847545219638,0.8615559029219484,1.0,1.0,0.7103778423662165
hill,adaptive_corridor,endpoint_corridor_0.050,6563,8032,8585,0.8171065737051793,0.7644729178800233,0.8779286959844632,1.0,1.0,0.7440195032759409
hill,adaptive_corridor,endpoint_corridor_0.100,7174,8032,8952,0.8931772908366534,0.8013851653261841,0.9019552583822499,1.0,1.0,0.7992751603010873
hill,adaptive_corridor,financial_tail_1h,1598,8032,2177,0.19895418326693226,0.7340376665135507,0.7441176470588234,1.0,1.0,0.42803504380475593
hill,adaptive_corridor,financial_tail_2h,577,8032,1467,0.07183764940239044,0.3933197000681663,0.6534056834750075,1.0,1.0,0.3830155979202773
hill,adaptive_corridor,financial_tail_4h,138,8032,1091,0.017181274900398405,0.12648945921173235,0.6161505528193508,1.0,1.0,0.26811594202898553
hill,adaptive_corridor,mean_shift_1h,2283,8032,4526,0.28423804780876494,0.5044189129474149,0.6764153170526364,1.0,1.0,0.3280770915462111
hill,adaptive_corridor,mean_shift_2h,298,8032,2660,0.03710159362549801,0.11203007518796992,0.6260686005387525,1.0,1.0,0.29194630872483224
hill,adaptive_corridor,mean_shift_4h,14,8032,1328,0.0017430278884462151,0.010542168674698794,0.6641208836006491,1.0,1.0,0.35714285714285715
hill,adaptive_corridor,opsda_cui2015_1h_0.025,2700,8032,3665,0.33615537848605576,0.7366984993178718,0.6341975308641976,1.0,1.0,0.22333333333333333
hill,adaptive_corridor,opsda_cui2015_2h_0.025,3804,8032,6774,0.47360557768924305,0.5615589016829052,0.6568299033598718,1.0,1.0,0.305993690851735
hill,adaptive_corridor,opsda_cui2015_4h_0.025,3998,8032,9953,0.4977589641434263,0.4016879332864463,0.6723356551458102,1.0,1.0,0.35117558779389696
hill,adaptive_corridor,sda_florita2013_0.025,3543,8032,5315,0.4411105577689243,0.6666039510818439,0.6556901827435273,1.0,1.0,0.270956816257409
hill,adaptive_corridor,threshold_1h,4671,8032,7040,0.5815488047808764,0.6634943181818181,0.7395941013956429,1.0,1.0,0.4258188824662813
hill,adaptive_corridor,threshold_2h,1700,8032,5402,0.21165338645418327,0.31469825990373934,0.6709935521994345,1.0,1.0,0.4088235294117647
hill,adaptive_corridor,threshold_4h,257,8032,3280,0.031997011952191234,0.07835365853658537,0.6252045245007021,1.0,1.0,0.2801556420233463
hill,endpoint_corridor_0.025,endpoint_corridor_0.050,7439,7740,8585,0.9611111111111111,0.8665113570180547,0.9552941703634,1.0,1.0,0.9040193574405162
hill,endpoint_corridor_0.025,endpoint_corridor_0.100,6622,7740,8952,0.8555555555555555,0.7397229669347631,0.8628590125267865,1.0,1.0,0.7090003020235578
hill,endpoint_corridor_0.025,financial_tail_1h,1335,7740,2177,0.17248062015503876,0.6132292145153881,0.6203620474406992,1.0,1.0,0.21872659176029963
hill,endpoint_corridor_0.025,financial_tail_2h,166,7740,1467,0.02144702842377261,0.11315610088616224,0.546113023522662,1.0,1.0,0.12650602409638553
hill,endpoint_corridor_0.025,mean_shift_1h,770,7740,4526,0.09948320413436693,0.17012814847547503,0.6091125541125542,1.0,1.0,0.09480519480519481
hill,endpoint_corridor_0.025,mean_shift_2h,7,7740,2660,0.0009043927648578811,0.002631578947368421,0.5640589569160998,1.0,1.0,0.14285714285714285
hill,endpoint_corridor_0.025,opsda_cui2015_1h_0.025,2949,7740,3665,0.3810077519379845,0.8046384720327422,0.5,1.0,1.0,0.0
hill,endpoint_corridor_0.025,opsda_cui2015_2h_0.025,3275,7740,6774,0.4231266149870801,0.4834661942722173,0.523913486005089,1.0,1.0,0.013129770992366412
hill,endpoint_corridor_0.025,opsda_cui2015_4h_0.025,3167,7740,9953,0.40917312661498706,0.3181955189390134,0.5230020900055633,1.0,1.0,0.013261761919797915
hill,endpoint_corridor_0.025,sda_florita2013_0.025,3497,7740,5315,0.45180878552971576,0.6579492003762936,0.5232859457766521,1.0,1.0,0.014012010294538175
hill,endpoint_corridor_0.025,threshold_1h,3470,7740,7040,0.4483204134366925,0.4928977272727273,0.6460038424591739,1.0,1.0,0.26138328530259364
hill,endpoint_corridor_0.025,threshold_2h,379,7740,5402,0.04896640826873385,0.0701592002961866,0.5563743351342295,1.0,1.0,0.13720316622691292
hill,endpoint_corridor_0.025,threshold_4h,4,7740,3280,0.0005167958656330749,0.0012195121951219512,0.59375,1.0,1.0,0.25
hill,endpoint_corridor_0.050,endpoint_corridor_0.100,7506,8585,8952,0.8743156668608038,0.8384718498659517,0.8844286235273445,1.0,1.0,0.7544630961897149
hill,endpoint_corridor_0.050,financial_tail_1h,1517,8585,2177,0.176703552708212,0.6968305006890216,0.6868474746523526,1.0,1.0,0.34673698088332233
hill,endpoint_corridor_0.050,financial_tail_2h,322,8585,1467,0.037507280139778686,0.2194955691888207,0.5965690624075717,1.0,1.0,0.2453416149068323
hill,endpoint_corridor_0.050,financial_tail_4h,29,8585,1091,0.00337798485730926,0.026581118240146653,0.5618773946360153,1.0,1.0,0.10344827586206896
hill,endpoint_corridor_0.050,mean_shift_1h,1404,8585,4526,0.16354105998835178,0.3102076889085285,0.6389550264550264,1.0,1.0,0.1915954415954416
hill,endpoint_corridor_0.050,mean_shift_2h,43,8585,2660,0.005008736167734421,0.016165413533834588,0.5823643410852714,1.0,1.0,0.16279069767441862
hill,endpoint_corridor_0.050,opsda_cui2015_1h_0.025,2988,8585,3665,0.34804892253931274,0.8152796725784448,0.5425591253904507,1.0,1.0,0.07898259705488621
hill,endpoint_corridor_0.050,opsda_cui2015_2h_0.025,3805,8585,6774,0.44321490972626676,0.5617065249483318,0.5709955572242037,1.0,1.0,0.11484888304862023
hill,endpoint_corridor_0.050,opsda_cui2015_4h_0.025,3756,8585,9953,0.4375072801397787,0.3773736561840651,0.5755344887333705,1.0,1.0,0.12300319488817892
hill,endpoint_corridor_0.050,sda_florita2013_0.025,3868,8585,5315,0.45055329062317995,0.7277516462841016,0.5756469444034077,1.0,1.0,0.12073422957600827
hill,endpoint_corridor_0.050,threshold_1h,4452,8585,7040,0.518578916715201,0.6323863636363637,0.7078236640568177,1.0,1.0,0.3771338724168913
hill,endpoint_corridor_0.050,threshold_2h,871,8585,5402,0.10145602795573674,0.1612365790447982,0.6109395993724352,1.0,1.0,0.27210103329506313
hill,endpoint_corridor_0.050,threshold_4h,39,8585,3280,0.00454280722189866,0.011890243902439025,0.5707070707070708,1.0,1.0,0.1282051282051282
hill,endpoint_corridor_0.100,financial_tail_1h,1655,8952,2177,0.18487488829311885,0.7602204869085898,0.7442339231765214,1.0,1.0,0.4350453172205438
hill,endpoint_corridor_0.100,financial_tail_2h,556,8952,1467,0.06210902591599642,0.37900477164280844,0.6493769270298047,1.0,1.0,0.3597122302158273
hill,endpoint_corridor_0.100,financial_tail_4h,98,8952,1091,0.010947274352100089,0.08982584784601283,0.5996851221341016,1.0,1.0,0.21428571428571427
hill,endpoint_corridor_0.100,mean_shift_1h,2384,8952,4526,0.26630920464700625,0.5267344233318604,0.6789284715564078,1.0,1.0,0.3225671140939597
hill,endpoint_corridor_0.100,mean_shift_2h,230,8952,2660,0.025692582663092045,0.08646616541353383,0.5996622438374356,1.0,1.0,0.21739130434782608
hill,endpoint_corridor_0.100,mean_shift_4h,6,8952,1328,0.0006702412868632708,0.004518072289156626,0.5832580187843345,1.0,1.0,0.16666666666666666
hill,endpoint_corridor_0.100,opsda_cui2015_1h_0.025,3014,8952,3665,0.33668453976764967,0.8223738062755798,0.6374695863746959,1.0,1.0,0.23158593231585933
hill,endpoint_corridor_0.100,opsda_cui2015_2h_0.025,4212,8952,6774,0.47050938337801607,0.6217891939769707,0.6588211685433907,1.0,1.0,0.3181386514719848
hill,endpoint_corridor_0.100,opsda_cui2015_4h_0.025,4405,8952,9953,0.4920688114387846,0.44258012659499646,0.6694045921287692,1.0,1.0,0.34642451759364357
hill,endpoint_corridor_0.100,sda_florita2013_0.025,3982,8952,5315,0.444816800714924,0.7492003762935089,0.6607822140469051,1.0,1.0,0.2855349070818684
hill,endpoint_corridor_0.100,threshold_1h,5230,8952,7040,0.5842269883824843,0.7428977272727273,0.7472475644177364,1.0,1.0,0.4439770554493308
hill,endpoint_corridor_0.100,threshold_2h,1740,8952,5402,0.19436997319034852,0.32210292484265085,0.6641145859249308,1.0,1.0,0.39482758620689656
hill,endpoint_corridor_0.100,threshold_4h,176,8952,3280,0.01966041108132261,0.05365853658536585,0.6208093122155621,1.0,1.0,0.24431818181818182
hill,financial_tail_1h,financial_tail_2h,797,2177,1467,0.3661001378043179,0.5432856169052488,0.5712154707135887,1.0,1.0,0.15558343789209536
hill,financial_tail_1h,financial_tail_4h,15,2177,1091,0.006890215893431328,0.013748854262144821,0.5457795907795907,1.0,1.0,0.06666666666666667
hill,financial_tail_1h,mean_shift_1h,1489,2177,4526,0.6839687643546164,0.32898806893504196,0.6683669662178728,1.0,1.0,0.3143049026192075
hill,financial_tail_1h,mean_shift_2h,26,2177,2660,0.011943040881947635,0.009774436090225564,0.5386132030362799,1.0,1.0,0.0
hill,financial_tail_1h,opsda_cui2015_1h_0.025,840,2177,3665,0.3858520900321543,0.2291950886766712,0.814484126984127,1.0,1.0,0.4726190476190476
hill,financial_tail_1h,opsda_cui2015_2h_0.025,1373,2177,6774,0.6306844281120808,0.20268674343076468,0.7327159851558978,1.0,1.0,0.4187909686817189
hill,financial_tail_1h,opsda_cui2015_4h_0.025,1323,2177,9953,0.6077170418006431,0.13292474630764595,0.7384776661987545,1.0,1.0,0.41798941798941797
hill,financial_tail_1h,sda_florita2013_0.025,1190,2177,5315,0.5466237942122186,0.22389463781749766,0.7615266106442578,1.0,1.0,0.37478991596638656
hill,financial_tail_1h,threshold_1h,1989,2177,7040,0.913642627468994,0.2825284090909091,0.8838660250424956,1.0,1.0,0.7154348919054802
hill,financial_tail_1h,threshold_2h,554,2177,5402,0.25447864033073037,0.10255460940392447,0.5487156896452925,1.0,1.0,0.07942238267148015
hill,financial_tail_1h,threshold_4h,5,2177,3280,0.0022967386311437757,0.001524390243902439,0.5177777777777778,1.0,1.0,0.0
hill,financial_tail_2h,financial_tail_4h,541,1467,1091,0.36877982276755283,0.49587534372135655,0.598227067627058,1.0,1.0,0.17744916820702403
hill,financial_tail_2h,mean_shift_1h,1089,1467,4526,0.7423312883435583,0.24060980998674325,0.7361804454090956,1.0,1.0,0.5730027548209367
hill,financial_tail_2h,mean_shift_2h,770,1467,2660,0.5248807089297887,0.2894736842105263,0.6185645973795325,1.0,1.0,0.21948051948051947
hill,financial_tail_2h,mean_shift_4h,6,1467,1328,0.00408997955010225,0.004518072289156626,0.5732869310958556,1.0,1.0,0.0
hill,financial_tail_2h,opsda_cui2015_1h_0.025,248,1467,3665,0.169052488070893,0.06766712141882673,0.5,1.0,1.0,0.0
hill,financial_tail_2h,opsda_cui2015_2h_0.025,894,1467,6774,0.6094069529652352,0.13197519929140833,0.6749547246191541,1.0,1.0,0.37024608501118567
hill,financial_tail_2h,opsda_cui2015_4h_0.025,1178,1467,9953,0.8029993183367417,0.11835627449010348,0.7340416092113886,1.0,1.0,0.5679117147707979
hill,financial_tail_2h,sda_florita2013_0.025,566,1467,5315,0.3858214042263122,0.10649106302916275,0.5895528352683829,1.0,1.0,0.24028268551236748
hill,financial_tail_2h,threshold_1h,1023,1467,7040,0.6973415132924335,0.1453125,0.6480434141724464,1.0,1.0,0.3841642228739003
hill,financial_tail_2h,threshold_2h,1285,1467,5402,0.8759372869802318,0.2378748611625324,0.8111626808124861,1.0,1.0,0.7385214007782102
hill,financial_tail_2h,threshold_4h,282,1467,3280,0.19222903885480572,0.08597560975609755,0.5744498795061855,1.0,1.0,0.09929078014184398
hill,financial_tail_4h,mean_shift_1h,247,1091,4526,0.22639780018331807,0.05457357490057446,0.5776126819649088,1.0,1.0,0.145748987854251
hill,financial_tail_4h,mean_shift_2h,840,1091,2660,0.76993583868011,0.3157894736842105,0.7485815979547651,1.0,1.0,0.6880952380952381
hill,financial_tail_4h,mean_shift_4h,383,1091,1328,0.3510540788267644,0.2884036144578313,0.6101742454266779,1.0,1.0,0.1906005221932115
hill,financial_tail_4h,opsda_cui2015_2h_0.025,98,1091,6774,0.08982584784601283,0.01446708001180986,0.5,1.0,1.0,0.0
hill,financial_tail_4h,opsda_cui2015_4h_0.025,565,1091,9953,0.5178735105407882,0.05676680397869989,0.6429993899905404,1.0,1.0,0.2973451327433628
hill,financial_tail_4h,sda_florita2013_0.025,36,1091,5315,0.03299725022914757,0.006773283160865475,0.5669867940701275,1.0,1.0,0.1111111111111111
hill,financial_tail_4h,threshold_1h,76,1091,7040,0.06966086159486709,0.010795454545454546,0.5449860446570972,1.0,1.0,0.039473684210526314
hill,financial_tail_4h,threshold_2h,855,1091,5402,0.7836846929422548,0.15827471306923363,0.694465298279051,1.0,1.0,0.45614035087719296
hill,financial_tail_4h,threshold_4h,894,1091,3280,0.8194317140238313,0.2725609756097561,0.7741769605108737,1.0,1.0,0.6331096196868009
hill,mean_shift_1h,mean_shift_2h,853,4526,2660,0.18846663720724702,0.3206766917293233,0.5530814958130316,1.0,1.0,0.06916764361078546
hill,mean_shift_1h,mean_shift_4h,3,4526,1328,0.0006628369421122404,0.002259036144578313,0.5286549707602339,1.0,1.0,0.0
hill,mean_shift_1h,opsda_cui2015_1h_0.025,1991,4526,3665,0.43990278391515686,0.5432469304229195,0.5871421396283275,1.0,1.0,0.0
hill,mean_shift_1h,opsda_cui2015_2h_0.025,3243,4526,6774,0.7165267344233318,0.4787422497785651,0.6881128584643847,1.0,1.0,0.34659266111625037
hill,mean_shift_1h,opsda_cui2015_4h_0.025,3614,4526,9953,0.7984975695978789,0.3631066010248166,0.7062296416612963,1.0,1.0,0.41007194244604317
hill,mean_shift_1h,sda_florita2013_0.025,2799,4526,5315,0.6184268669907202,0.5266227657572907,0.6194400494507676,1.0,1.0,0.15827081100392998
hill,mean_shift_1h,threshold_1h,4386,4526,7040,0.9690676093680954,0.6230113636363637,0.7716773789619207,1.0,1.0,0.5800273597811217
hill,mean_shift_1h,threshold_2h,2941,4526,5402,0.6498011489173663,0.5444279896334691,0.6793636479882654,1.0,1.0,0.4342060523631418
hill,mean_shift_1h,threshold_4h,237,4526,3280,0.05236411842686699,0.0722560975609756,0.5391856755281139,1.0,1.0,0.05907172995780591
hill,mean_shift_2h,mean_shift_4h,694,2660,1328,0.26090225563909775,0.5225903614457831,0.5644373643369354,1.0,1.0,0.06195965417867435
hill,mean_shift_2h,opsda_cui2015_2h_0.025,351,2660,6774,0.1319548872180451,0.05181576616474756,0.529100529100529,1.0,1.0,0.0
hill,mean_shift_2h,opsda_cui2015_4h_0.025,1557,2660,9953,0.5853383458646616,0.1564352456545765,0.6413773178224045,1.0,1.0,0.32048811817597944
hill,mean_shift_2h,sda_florita2013_0.025,97,2660,5315,0.036466165413533834,0.018250235183443087,0.5407673941179095,1.0,1.0,0.041237113402061855
hill,mean_shift_2h,threshold_1h,168,2660,7040,0.06315789473684211,0.023863636363636365,0.5428064825386253,1.0,1.0,0.03571428571428571
hill,mean_shift_2h,threshold_2h,2481,2660,5402,0.9327067669172933,0.45927434283598667,0.7430892258284336,1.0,1.0,0.6916565900846433
hill,mean_shift_2h,threshold_4h,1856,2660,3280,0.6977443609022557,0.5658536585365853,0.7076075671964506,1.0,1.0,0.5328663793103449
hill,mean_shift_4h,opsda_cui2015_4h_0.025,17,1328,9953,0.012801204819277108,0.001708027730332563,0.5176470588235293,1.0,1.0,0.0
hill,mean_shift_4h,threshold_2h,125,1328,5402,0.09412650602409639,0.02313957793409848,0.5552663981214749,1.0,1.0,0.048
hill,mean_shift_4h,threshold_4h,1189,1328,3280,0.8953313253012049,0.3625,0.7480008032396626,1.0,1.0,0.6652649285113541
hill,opsda_cui2015_1h_0.025,opsda_cui2015_2h_0.025,3655,3665,6774,0.9972714870395635,0.5395630351343371,0.9320109439124487,1.0,1.0,0.8640218878248974
hill,opsda_cui2015_1h_0.025,opsda_cui2015_4h_0.025,3504,3665,9953,0.9560709413369713,0.35205465688737064,0.9393550228310502,1.0,1.0,0.8787100456621004
hill,opsda_cui2015_1h_0.025,sda_florita2013_0.025,3665,3665,5315,1.0,0.6895578551269991,1.0,1.0,1.0,1.0
hill,opsda_cui2015_1h_0.025,threshold_1h,3094,3665,7040,0.8442019099590723,0.4394886363636364,0.7713854772678301,1.0,1.0,0.3703943115707822
hill,opsda_cui2015_1h_0.025,threshold_2h,446,3665,5402,0.12169167803547067,0.08256201406886339,0.5,1.0,1.0,0.0
hill,opsda_cui2015_2h_0.025,opsda_cui2015_4h_0.025,6518,6774,9953,0.9622084440507824,0.6548779262533909,0.9670531422142346,1.0,1.0,0.9128567045105861
hill,opsda_cui2015_2h_0.025,sda_florita2013_0.025,5155,6774,5315,0.760997933274284,0.9698965192850423,0.9517943743937924,1.0,1.0,0.9035887487875849
hill,opsda_cui2015_2h_0.025,threshold_1h,4524,6774,7040,0.6678476527900797,0.6426136363636363,0.743702896720138,1.0,1.0,0.43567639257294427
hill,opsda_cui2015_2h_0.025,threshold_2h,2320,6774,5402,0.34248597578978446,0.4294705664568678,0.6626159688013136,1.0,1.0,0.33232758620689656
hill,opsda_cui2015_2h_0.025,threshold_4h,124,6774,3280,0.018305284912902273,0.03780487804878049,0.5,1.0,1.0,0.0
hill,opsda_cui2015_4h_0.025,sda_florita2013_0.025,5114,9953,5315,0.5138149301718075,0.9621825023518344,0.9393243570404307,1.0,1.0,0.8705514274540477
hill,opsda_cui2015_4h_0.025,threshold_1h,4525,9953,7040,0.45463679292675574,0.6427556818181818,0.749691046215908,1.0,1.0,0.44486187845303865
hill,opsda_cui2015_4h_0.025,threshold_2h,3577,9953,5402,0.35938912890585756,0.6621621621621622,0.7301412640104281,1.0,1.0,0.5649986021805983
hill,opsda_cui2015_4h_0.025,threshold_4h,908,9953,3280,0.09122877524364513,0.27682926829268295,0.6077318086954651,1.0,1.0,0.20484581497797358
hill,sda_florita2013_0.025,threshold_1h,4208,5315,7040,0.7917215428033867,0.5977272727272728,0.7394715847365562,1.0,1.0,0.33365019011406843
hill,sda_florita2013_0.025,threshold_2h,1233,5315,5402,0.23198494825964253,0.22824879674194742,0.596934177834421,1.0,1.0,0.23682076236820762
hill,sda_florita2013_0.025,threshold_4h,44,5315,3280,0.008278457196613359,0.013414634146341463,0.6015127864559683,1.0,1.0,0.18181818181818182
hill,threshold_1h,threshold_2h,2642,7040,5402,0.37528409090909093,0.4890781192151055,0.5737059821749451,1.0,1.0,0.15329295987887964
hill,threshold_1h,threshold_4h,62,7040,3280,0.008806818181818181,0.018902439024390243,0.5405397022332507,1.0,1.0,0.03225806451612903
hill,threshold_2h,threshold_4h,1752,5402,3280,0.32432432432432434,0.5341463414634147,0.6044531402176144,1.0,1.0,0.1752283105022831
lahaute,adaptive_corridor,endpoint_corridor_0.025,691,1109,811,0.6230838593327321,0.8520345252774353,0.8960099235063055,1.0,1.0,0.7800289435600579
lahaute,adaptive_corridor,endpoint_corridor_0.050,886,1109,1094,0.7989179440937781,0.8098720292504571,0.9093236052886166,1.0,1.0,0.8182844243792325
lahaute,adaptive_corridor,endpoint_corridor_0.100,912,1109,1257,0.8223624887285843,0.7255369928400954,0.8933073688007899,1.0,1.0,0.7861842105263158
lahaute,adaptive_corridor,financial_tail_1h,350,1109,760,0.3155996393146979,0.4605263157894737,0.7722993197278911,1.0,1.0,0.4714285714285714
lahaute,adaptive_corridor,financial_tail_2h,201,1109,568,0.1812443642921551,0.3538732394366197,0.6938896785911712,1.0,1.0,0.48756218905472637
lahaute,adaptive_corridor,financial_tail_4h,44,1109,373,0.03967538322813345,0.11796246648793565,0.6200126262626262,1.0,1.0,0.20454545454545456
lahaute,adaptive_corridor,mean_shift_1h,263,1109,514,0.23715058611361586,0.5116731517509727,0.6939344559116422,1.0,1.0,0.33460076045627374
lahaute,adaptive_corridor,mean_shift_2h,52,1109,437,0.046889089269612265,0.11899313501144165,0.6232712800020491,1.0,1.0,0.28846153846153844
lahaute,adaptive_corridor,mean_shift_4h,5,1109,265,0.004508566275924256,0.018867924528301886,0.524568668046929,1.0,1.0,0.0
lahaute,adaptive_corridor,opsda_cui2015_1h_0.025,258,1109,337,0.23264201983769162,0.7655786350148368,0.6382428940568475,1.0,1.0,0.22868217054263565
lahaute,adaptive_corridor,opsda_cui2015_2h_0.025,431,1109,782,0.3886384129846709,0.551150895140665,0.6791017567119656,1.0,1.0,0.35730858468677495
lahaute,adaptive_corridor,opsda_cui2015_4h_0.025,508,1109,1490,0.4580703336339044,0.3409395973154362,0.6871322902818966,1.0,1.0,0.4015748031496063
lahaute,adaptive_corridor,sda_florita2013_0.025,433,1109,667,0.3904418394950406,0.6491754122938531,0.6793852413944792,1.0,1.0,0.3348729792147806
lahaute,adaptive_corridor,threshold_1h,617,1109,958,0.5563570784490532,0.6440501043841336,0.7934436983869723,1.0,1.0,0.5316045380875203
lahaute,adaptive_corridor,threshold_2h,349,1109,1060,0.3146979260595131,0.3292452830188679,0.6921824673257337,1.0,1.0,0.4326647564469914
lahaute,adaptive_corridor,threshold_4h,79,1109,812,0.07123534715960325,0.09729064039408868,0.6361561800199256,1.0,1.0,0.27848101265822783
lahaute,endpoint_corridor_0.025,endpoint_corridor_0.050,769,811,1094,0.9482120838471023,0.7029250457038391,0.9436497615951454,1.0,1.0,0.8842652795838751
lahaute,endpoint_corridor_0.025,endpoint_corridor_0.100,647,811,1257,0.7977805178791615,0.5147175815433572,0.8312614999632,1.0,1.0,0.6290571870170015
lahaute,endpoint_corridor_0.025,financial_tail_1h,230,811,760,0.2836004932182491,0.3026315789473684,0.7065217391304347,1.0,1.0,0.3739130434782609
lahaute,endpoint_corridor_0.025,financial_tail_2h,51,811,568,0.06288532675709001,0.0897887323943662,0.5738562091503268,1.0,1.0,0.17647058823529413
lahaute,endpoint_corridor_0.025,financial_tail_4h,2,811,373,0.002466091245376079,0.005361930294906166,0.5625,1.0,1.0,0.0
lahaute,endpoint_corridor_0.025,mean_shift_1h,114,811,514,0.1405672009864365,0.22178988326848248,0.639327485380117,1.0,1.0,0.11403508771929824
lahaute,endpoint_corridor_0.025,mean_shift_2h,2,811,437,0.002466091245376079,0.004576659038901602,0.5357142857142857,1.0,1.0,0.0
lahaute,endpoint_corridor_0.025,opsda_cui2015_1h_0.025,222,811,337,0.27373612823674476,0.658753709198813,0.5,1.0,1.0,0.0
lahaute,endpoint_corridor_0.025,opsda_cui2015_2h_0.025,304,811,782,0.374845869297164,0.3887468030690537,0.5485197368421053,1.0,1.0,0.05592105263157895
lahaute,endpoint_corridor_0.025,opsda_cui2015_4h_0.025,297,811,1490,0.36621454993834773,0.19932885906040268,0.5494308160974827,1.0,1.0,0.04713804713804714
lahaute,endpoint_corridor_0.025,sda_florita2013_0.025,326,811,667,0.40197287299630086,0.48875562218890556,0.5472903885480573,1.0,1.0,0.05214723926380368
lahaute,endpoint_corridor_0.025,threshold_1h,444,811,958,0.5474722564734895,0.46346555323590816,0.7429429429429429,1.0,1.0,0.45045045045045046
lahaute,endpoint_corridor_0.025,threshold_2h,108,811,1060,0.13316892725030827,0.1018867924528302,0.6111331569664903,1.0,1.0,0.25
lahaute,endpoint_corridor_0.025,threshold_4h,4,811,812,0.004932182490752158,0.0049261083743842365,0.53125,1.0,1.0,0.0
lahaute,endpoint_corridor_0.050,endpoint_corridor_0.100,829,1094,1257,0.7577696526508226,0.6595067621320605,0.8428809462886665,1.0,1.0,0.6718938480096501
lahaute,endpoint_corridor_0.050,financial_tail_1h,331,1094,760,0.30255941499085925,0.4355263157894737,0.7655013667098259,1.0,1.0,0.49244712990936557
lahaute,endpoint_corridor_0.050,financial_tail_2h,129,1094,568,0.11791590493601463,0.22711267605633803,0.6671250153808292,1.0,1.0,0.4186046511627907
lahaute,endpoint_corridor_0.050,financial_tail_4h,15,1094,373,0.013711151736745886,0.040214477211796246,0.6362169312169311,1.0,1.0,0.26666666666666666
lahaute,endpoint_corridor_0.050,mean_shift_1h,215,1094,514,0.19652650822669104,0.4182879377431907,0.6823255813953488,1.0,1.0,0.2837209302325581
lahaute,endpoint_corridor_0.050,mean_shift_2h,23,1094,437,0.02102376599634369,0.05263157894736842,0.5779158040027604,1.0,1.0,0.13043478260869565
lahaute,endpoint_corridor_0.050,opsda_cui2015_1h_0.025,250,1094,337,0.22851919561243145,0.7418397626112759,0.5806666666666668,1.0,1.0,0.144
lahaute,endpoint_corridor_0.050,opsda_cui2015_2h_0.025,408,1094,782,0.37294332723948814,0.5217391304347826,0.6250816993464052,1.0,1.0,0.23284313725490197
lahaute,endpoint_corridor_0.050,opsda_cui2015_4h_0.025,443,1094,1490,0.40493601462522855,0.2973154362416107,0.6289001755706044,1.0,1.0,0.2505643340857788
lahaute,endpoint_corridor_0.050,sda_florita2013_0.025,432,1094,667,0.39488117001828155,0.6476761619190404,0.6386096413874192,1.0,1.0,0.2638888888888889
lahaute,endpoint_corridor_0.050,threshold_1h,619,1094,958,0.5658135283363802,0.6461377870563675,0.7958266020463113,1.0,1.0,0.5476575121163166
lahaute,endpoint_corridor_0.050,threshold_2h,266,1094,1060,0.24314442413162707,0.2509433962264151,0.6536296097386323,1.0,1.0,0.37218045112781956
lahaute,endpoint_corridor_0.050,threshold_4h,32,1094,812,0.029250457038391225,0.03940886699507389,0.6272704725829725,1.0,1.0,0.25
lahaute,endpoint_corridor_0.100,financial_tail_1h,382,1257,760,0.3038981702466189,0.5026315789473684,0.7427262528047869,1.0,1.0,0.42408376963350786
lahaute,endpoint_corridor_0.100,financial_tail_2h,251,1257,568,0.19968178202068418,0.44190140845070425,0.6971046549731807,1.0,1.0,0.4940239043824701
lahaute,endpoint_corridor_0.100,financial_tail_4h,69,1257,373,0.05489260143198091,0.18498659517426275,0.6706112089104416,1.0,1.0,0.37681159420289856
lahaute,endpoint_corridor_0.100,mean_shift_1h,339,1257,514,0.26968973747016706,0.6595330739299611,0.6997682258744207,1.0,1.0,0.36283185840707965
lahaute,endpoint_corridor_0.100,mean_shift_2h,84,1257,437,0.06682577565632458,0.19221967963386727,0.6161788608217178,1.0,1.0,0.23809523809523808
lahaute,endpoint_corridor_0.100,mean_shift_4h,11,1257,265,0.008750994431185362,0.04150943396226415,0.568405047338955,1.0,1.0,0.09090909090909091
lahaute,endpoint_corridor_0.100,opsda_cui2015_1h_0.025,273,1257,337,0.2171837708830549,0.8100890207715133,0.6782661782661783,1.0,1.0,0.29304029304029305
lahaute,endpoint_corridor_0.100,opsda_cui2015_2h_0.025,477,1257,782,0.3794749403341289,0.6099744245524297,0.7017620045921933,1.0,1.0,0.43186582809224316
lahaute,endpoint_corridor_0.100,opsda_cui2015_4h_0.025,591,1257,1490,0.4701670644391408,0.39664429530201345,0.7168744162398986,1.0,1.0,0.4906937394247039
lahaute,endpoint_corridor_0.100,sda_florita2013_0.025,457,1257,667,0.3635640413683373,0.6851574212893553,0.7019242124274948,1.0,1.0,0.3916849015317287
lahaute,endpoint_corridor_0.100,threshold_1h,678,1257,958,0.5393794749403341,0.7077244258872651,0.7752282623964041,1.0,1.0,0.47935103244837757
lahaute,endpoint_corridor_0.100,threshold_2h,469,1257,1060,0.3731105807478122,0.44245283018867926,0.7066661897685351,1.0,1.0,0.5010660980810234
lahaute,endpoint_corridor_0.100,threshold_4h,133,1257,812,0.10580747812251393,0.16379310344827586,0.6751327707642095,1.0,1.0,0.40601503759398494
lahaute,financial_tail_1h,financial_tail_2h,295,760,568,0.3881578947368421,0.5193661971830986,0.5695628194780737,1.0,1.0,0.1694915254237288
lahaute,financial_tail_1h,financial_tail_4h,3,760,373,0.003947368421052632,0.00804289544235925,0.5555555555555555,1.0,1.0,0.0
lahaute,financial_tail_1h,mean_shift_1h,252,760,514,0.33157894736842103,0.490272373540856,0.7773809523809524,1.0,1.0,0.5317460317460317
lahaute,financial_tail_1h,mean_shift_2h,13,760,437,0.017105263157894738,0.029748283752860413,0.572008547008547,1.0,1.0,0.07692307692307693
lahaute,financial_tail_1h,opsda_cui2015_1h_0.025,154,760,337,0.2026315789473684,0.456973293768546,0.8084415584415585,1.0,1.0,0.4675324675324675
lahaute,financial_tail_1h,opsda_cui2015_2h_0.025,295,760,782,0.3881578947368421,0.3772378516624041,0.7319209039548024,1.0,1.0,0.38305084745762713
lahaute,financial_tail_1h,opsda_cui2015_4h_0.025,307,760,1490,0.4039473684210526,0.20604026845637585,0.7198386846595316,1.0,1.0,0.3517915309446254
lahaute,financial_tail_1h,sda_florita2013_0.025,269,760,667,0.3539473684210526,0.4032983508245877,0.7433085501858736,1.0,1.0,0.34572490706319703
lahaute,financial_tail_1h,threshold_1h,455,760,958,0.5986842105263158,0.47494780793319413,0.9232600732600732,1.0,1.0,0.8065934065934066
lahaute,financial_tail_1h,threshold_2h,240,760,1060,0.3157894736842105,0.22641509433962265,0.5785168650793651,1.0,1.0,0.18333333333333332
lahaute,financial_tail_1h,threshold_4h,2,760,812,0.002631578947368421,0.0024630541871921183,0.5,1.0,1.0,0.0
lahaute,financial_tail_2h,financial_tail_4h,193,568,373,0.3397887323943662,0.517426273458445,0.6053151638567671,1.0,1.0,0.20207253886010362
lahaute,financial_tail_2h,mean_shift_1h,177,568,514,0.31161971830985913,0.3443579766536965,0.674109945296386,1.0,1.0,0.4180790960451977
lahaute,financial_tail_2h,mean_shift_2h,192,568,437,0.3380281690140845,0.43935926773455375,0.6826842645202019,1.0,1.0,0.4635416666666667
lahaute,financial_tail_2h,mean_shift_4h,8,568,265,0.014084507042253521,0.03018867924528302,0.5726388888888889,1.0,1.0,0.25
lahaute,financial_tail_2h,opsda_cui2015_1h_0.025,42,568,337,0.07394366197183098,0.12462908011869436,0.5,1.0,1.0,0.0
lahaute,financial_tail_2h,opsda_cui2015_2h_0.025,198,568,782,0.3485915492957746,0.2531969309462916,0.6891053391053391,1.0,1.0,0.45454545454545453
lahaute,financial_tail_2h,opsda_cui2015_4h_0.025,334,568,1490,0.5880281690140845,0.22416107382550335,0.7285621314812931,1.0,1.0,0.5598802395209581
lahaute,financial_tail_2h,sda_florita2013_0.025,160,568,667,0.28169014084507044,0.239880059970015,0.6564657738095238,1.0,1.0,0.4125
lahaute,financial_tail_2h,threshold_1h,193,568,958,0.3397887323943662,0.20146137787056367,0.5774858129780409,1.0,1.0,0.20207253886010362
lahaute,financial_tail_2h,threshold_2h,434,568,1060,0.7640845070422535,0.40943396226415096,0.8808206322607246,1.0,1.0,0.8732718894009217
lahaute,financial_tail_2h,threshold_4h,164,568,812,0.2887323943661972,0.2019704433497537,0.5953448673621595,1.0,1.0,0.18292682926829268
lahaute,financial_tail_4h,mean_shift_1h,11,373,514,0.029490616621983913,0.021400778210116732,0.5621441689623506,1.0,1.0,0.09090909090909091
lahaute,financial_tail_4h,mean_shift_2h,159,373,437,0.4262734584450402,0.36384439359267734,0.714226096898128,1.0,1.0,0.5660377358490566
lahaute,financial_tail_4h,mean_shift_4h,109,373,265,0.29222520107238603,0.41132075471698115,0.6421673909265145,1.0,1.0,0.25688073394495414
lahaute,financial_tail_4h,opsda_cui2015_2h_0.025,11,373,782,0.029490616621983913,0.014066496163682864,0.5,1.0,1.0,0.0
lahaute,financial_tail_4h,opsda_cui2015_4h_0.025,144,373,1490,0.38605898123324395,0.09664429530201342,0.6552299359591026,1.0,1.0,0.3402777777777778
lahaute,financial_tail_4h,sda_florita2013_0.025,18,373,667,0.04825737265415549,0.026986506746626688,0.600735992402659,1.0,1.0,0.2222222222222222
lahaute,financial_tail_4h,threshold_1h,4,373,958,0.010723860589812333,0.0041753653444676405,0.53125,1.0,1.0,0.0
lahaute,financial_tail_4h,threshold_2h,184,373,1060,0.4932975871313673,0.17358490566037735,0.629450757132183,1.0,1.0,0.2717391304347826
lahaute,financial_tail_4h,threshold_4h,315,373,812,0.8445040214477212,0.3879310344827586,0.8539296978217682,1.0,1.0,0.8222222222222222
lahaute,mean_shift_1h,mean_shift_2h,76,514,437,0.14785992217898833,0.17391304347826086,0.5406532429558745,1.0,1.0,0.013157894736842105
lahaute,mean_shift_1h,opsda_cui2015_1h_0.025,211,514,337,0.41050583657587547,0.6261127596439169,0.6050552922590837,1.0,1.0,0.0
lahaute,mean_shift_1h,opsda_cui2015_2h_0.025,360,514,782,0.7003891050583657,0.46035805626598464,0.6916666666666668,1.0,1.0,0.3888888888888889
lahaute,mean_shift_1h,opsda_cui2015_4h_0.025,400,514,1490,0.7782101167315175,0.2684563758389262,0.6966458333333334,1.0,1.0,0.405
lahaute,mean_shift_1h,sda_florita2013_0.025,332,514,667,0.6459143968871596,0.49775112443778113,0.6433232931726907,1.0,1.0,0.21987951807228914
lahaute,mean_shift_1h,threshold_1h,509,514,958,0.9902723735408561,0.5313152400835073,0.7760969220694169,1.0,1.0,0.5265225933202358
lahaute,mean_shift_1h,threshold_2h,350,514,1060,0.6809338521400778,0.330188679245283,0.6381836734693875,1.0,1.0,0.26571428571428574
lahaute,mean_shift_1h,threshold_4h,17,514,812,0.033073929961089495,0.020935960591133004,0.520974450386215,1.0,1.0,0.0
lahaute,mean_shift_2h,mean_shift_4h,73,437,265,0.16704805491990846,0.27547169811320754,0.5411880455837633,1.0,1.0,0.0136986301369863
lahaute,mean_shift_2h,opsda_cui2015_2h_0.025,67,437,782,0.15331807780320367,0.08567774936061381,0.5426439232409381,1.0,1.0,0.0
lahaute,mean_shift_2h,opsda_cui2015_4h_0.025,300,437,1490,0.6864988558352403,0.20134228187919462,0.683799395049395,1.0,1.0,0.47333333333333333
lahaute,mean_shift_2h,sda_florita2013_0.025,34,437,667,0.07780320366132723,0.050974512743628186,0.5403425006366183,1.0,1.0,0.0
lahaute,mean_shift_2h,threshold_1h,7,437,958,0.016018306636155607,0.007306889352818371,0.5244897959183673,1.0,1.0,0.0
lahaute,mean_shift_2h,threshold_2h,428,437,1060,0.9794050343249427,0.4037735849056604,0.7591995945383795,1.0,1.0,0.7710280373831776
lahaute,mean_shift_2h,threshold_4h,304,437,812,0.6956521739130435,0.37438423645320196,0.6772500480873461,1.0,1.0,0.42105263157894735
lahaute,mean_shift_4h,opsda_cui2015_4h_0.025,6,265,1490,0.022641509433962263,0.004026845637583893,0.5166666666666667,1.0,1.0,0.0
lahaute,mean_shift_4h,threshold_2h,17,265,1060,0.06415094339622641,0.016037735849056604,0.5468078475613335,1.0,1.0,0.0
lahaute,mean_shift_4h,threshold_4h,256,265,812,0.9660377358490566,0.31527093596059114,0.7461242202748576,1.0,1.0,0.6875
lahaute,opsda_cui2015_1h_0.025,opsda_cui2015_2h_0.025,336,337,782,0.9970326409495549,0.4296675191815857,0.9300595238095238,1.0,1.0,0.8601190476190477
lahaute,opsda_cui2015_1h_0.025,opsda_cui2015_4h_0.025,312,337,1490,0.9258160237388724,0.20939597315436242,0.9310897435897436,1.0,1.0,0.8621794871794872
lahaute,opsda_cui2015_1h_0.025,sda_florita2013_0.025,337,337,667,1.0,0.5052473763118441,1.0,1.0,1.0,1.0
lahaute,opsda_cui2015_1h_0.025,threshold_1h,316,337,958,0.9376854599406528,0.3298538622129436,0.8180379746835444,1.0,1.0,0.4778481012658228
lahaute,opsda_cui2015_1h_0.025,threshold_2h,57,337,1060,0.16913946587537093,0.05377358490566038,0.5,1.0,1.0,0.0
lahaute,opsda_cui2015_2h_0.025,opsda_cui2015_4h_0.025,738,782,1490,0.9437340153452686,0.49530201342281877,0.9619112143502387,1.0,1.0,0.9010840108401084
lahaute,opsda_cui2015_2h_0.025,sda_florita2013_0.025,594,782,667,0.7595907928388747,0.8905547226386806,0.9604377104377104,1.0,1.0,0.9208754208754208
lahaute,opsda_cui2015_2h_0.025,threshold_1h,519,782,958,0.6636828644501279,0.5417536534446764,0.7377970456005137,1.0,1.0,0.40847784200385356
lahaute,opsda_cui2015_2h_0.025,threshold_2h,380,782,1060,0.4859335038363171,0.3584905660377358,0.676422305764411,1.0,1.0,0.37894736842105264
lahaute,opsda_cui2015_2h_0.025,threshold_4h,15,782,812,0.01918158567774936,0.01847290640394089,0.5,1.0,1.0,0.0
lahaute,opsda_cui2015_4h_0.025,sda_florita2013_0.025,634,1490,667,0.425503355704698,0.9505247376311844,0.9414300736067298,1.0,1.0,0.8801261829652997
lahaute,opsda_cui2015_4h_0.025,threshold_1h,506,1490,958,0.3395973154362416,0.5281837160751566,0.7322510822510822,1.0,1.0,0.391304347826087
lahaute,opsda_cui2015_4h_0.025,threshold_2h,664,1490,1060,0.44563758389261743,0.6264150943396226,0.7369663427268848,1.0,1.0,0.5858433734939759
lahaute,opsda_cui2015_4h_0.025,threshold_4h,272,1490,812,0.1825503355704698,0.33497536945812806,0.6479360202705791,1.0,1.0,0.33455882352941174
lahaute,sda_florita2013_0.025,threshold_1h,492,667,958,0.7376311844077961,0.5135699373695198,0.7540311653116532,1.0,1.0,0.3719512195121951
lahaute,sda_florita2013_0.025,threshold_2h,267,667,1060,0.4002998500749625,0.2518867924528302,0.6351658640984484,1.0,1.0,0.3333333333333333
lahaute,sda_florita2013_0.025,threshold_4h,30,667,812,0.044977511244377814,0.03694581280788178,0.6225616975616978,1.0,1.0,0.2
lahaute,threshold_1h,threshold_2h,352,958,1060,0.3674321503131524,0.3320754716981132,0.5418087121212122,1.0,1.0,0.07386363636363637
lahaute,threshold_1h,threshold_4h,1,958,812,0.0010438413361169101,0.0012315270935960591,0.5,1.0,1.0,0.0
lahaute,threshold_2h,threshold_4h,333,1060,812,0.3141509433962264,0.4100985221674877,0.5836858712245709,1.0,1.0,0.12912912912912913
pizhou,adaptive_corridor,endpoint_corridor_0.025,6726,9769,9274,0.6885044528610912,0.7252533965926246,0.8545475034101261,1.0,1.0,0.6907523044900387
pizhou,adaptive_corridor,endpoint_corridor_0.050,7855,9769,10613,0.8040741119868974,0.7401300292094601,0.8768384720167025,1.0,1.0,0.7394016549968173
pizhou,adaptive_corridor,endpoint_corridor_0.100,8261,9769,10493,0.8456341488381616,0.7872867626036405,0.8864109019303164,1.0,1.0,0.7724246459266433
pizhou,adaptive_corridor,financial_tail_1h,752,9769,1030,0.0769781963353465,0.7300970873786408,0.7577349290780141,1.0,1.0,0.44680851063829785
pizhou,adaptive_corridor,financial_tail_2h,299,9769,708,0.030607022213123145,0.422316384180791,0.6450748526835482,1.0,1.0,0.34782608695652173
pizhou,adaptive_corridor,financial_tail_4h,62,9769,496,0.006346606612754632,0.125,0.6227567235631751,1.0,1.0,0.24193548387096775
pizhou,adaptive_corridor,mean_shift_1h,3008,9769,5717,0.307912785341386,0.5261500787126115,0.6687311349628503,1.0,1.0,0.33011968085106386
pizhou,adaptive_corridor,mean_shift_2h,424,9769,3316,0.04340260006141877,0.1278648974668275,0.6367976548054239,1.0,1.0,0.3113207547169811
pizhou,adaptive_corridor,mean_shift_4h,38,9769,1425,0.003889855665881871,0.02666666666666667,0.6133731893974385,1.0,1.0,0.13157894736842105
pizhou,adaptive_corridor,opsda_cui2015_1h_0.025,3082,9769,4452,0.315487767427577,0.6922731356693621,0.6242158771360589,1.0,1.0,0.19662556781310836
pizhou,adaptive_corridor,opsda_cui2015_2h_0.025,4826,9769,8674,0.49401166956699766,0.5563753746829606,0.6514859984607188,1.0,1.0,0.30915872358060503
pizhou,adaptive_corridor,opsda_cui2015_4h_0.025,5182,9769,13284,0.5304534752789436,0.39009334537789825,0.6692621473256363,1.0,1.0,0.36144345812427636
pizhou,adaptive_corridor,sda_florita2013_0.025,4587,9769,7304,0.4695465247210564,0.6280120481927711,0.6522355741780202,1.0,1.0,0.27141922825376064
pizhou,adaptive_corridor,threshold_1h,5340,9769,8396,0.5466270856791893,0.6360171510242972,0.7397520955947922,1.0,1.0,0.4290262172284644
pizhou,adaptive_corridor,threshold_2h,2126,9769,6346,0.21762718804381206,0.3350141821619918,0.6842965007711009,1.0,1.0,0.4242709313264346
pizhou,adaptive_corridor,threshold_4h,348,9769,3539,0.03562288872965503,0.09833286239050579,0.6434001157029807,1.0,1.0,0.3275862068965517
pizhou,endpoint_corridor_0.025,endpoint_corridor_0.050,8594,9274,10613,0.9266767306448135,0.8097616131159898,0.934921096667664,1.0,1.0,0.8612985804049337
pizhou,endpoint_corridor_0.025,endpoint_corridor_0.100,7019,9274,10493,0.756847099417727,0.6689221385685695,0.8176804682076088,1.0,1.0,0.6146174668756234
pizhou,endpoint_corridor_0.025,financial_tail_1h,589,9274,1030,0.06351089066206599,0.5718446601941748,0.6362761743067346,1.0,1.0,0.2461799660441426
pizhou,endpoint_corridor_0.025,financial_tail_2h,83,9274,708,0.00894975199482424,0.1172316384180791,0.5495697074010327,1.0,1.0,0.14457831325301204
pizhou,endpoint_corridor_0.025,financial_tail_4h,4,9274,496,0.00043131334914815614,0.008064516129032258,0.5408653846153846,1.0,1.0,0.0
pizhou,endpoint_corridor_0.025,mean_shift_1h,1221,9274,5717,0.13165839982747465,0.2135735525625328,0.6054528554528554,1.0,1.0,0.11056511056511056
pizhou,endpoint_corridor_0.025,mean_shift_2h,18,9274,3316,0.0019409100711667026,0.005428226779252111,0.5904982363315696,1.0,1.0,0.2222222222222222
pizhou,endpoint_corridor_0.025,opsda_cui2015_1h_0.025,3317,9274,4452,0.35766659478110846,0.745058400718778,0.5,1.0,1.0,0.0
pizhou,endpoint_corridor_0.025,opsda_cui2015_2h_0.025,4037,9274,8674,0.4353029976277766,0.46541388056260086,0.5324498389893485,1.0,1.0,0.0242754520683676
pizhou,endpoint_corridor_0.025,opsda_cui2015_4h_0.025,3740,9274,13284,0.403277981453526,0.28154170430593195,0.5347386681945505,1.0,1.0,0.031016042780748664
pizhou,endpoint_corridor_0.025,sda_florita2013_0.025,4335,9274,7304,0.4674358421393142,0.5935104052573932,0.5338331410995771,1.0,1.0,0.029988465974625143
pizhou,endpoint_corridor_0.025,threshold_1h,3769,9274,8396,0.4064050032348501,0.44890424011434016,0.6891584227217021,1.0,1.0,0.3337755372777925
pizhou,endpoint_corridor_0.025,threshold_2h,521,9274,6346,0.05617856372654734,0.08209895997478726,0.6033086555159491,1.0,1.0,0.26103646833013433
pizhou,endpoint_corridor_0.025,threshold_4h,6,9274,3539,0.0006469700237222342,0.0016953941791466515,0.5793350168350169,1.0,1.0,0.16666666666666666
pizhou,endpoint_corridor_0.050,endpoint_corridor_0.100,8293,10613,10493,0.7814001696033167,0.7903364147526922,0.8439178089485577,1.0,1.0,0.673218376944411
pizhou,endpoint_corridor_0.050,financial_tail_1h,698,10613,1030,0.06576839724865731,0.6776699029126214,0.7227793696275072,1.0,1.0,0.40257879656160456
pizhou,endpoint_corridor_0.050,financial_tail_2h,180,10613,708,0.016960331668708188,0.2542372881355932,0.5913492063492064,1.0,1.0,0.24444444444444444
pizhou,endpoint_corridor_0.050,financial_tail_4h,14,10613,496,0.0013191369075661924,0.028225806451612902,0.5930555555555557,1.0,1.0,0.21428571428571427
pizhou,endpoint_corridor_0.050,mean_shift_1h,2254,10613,5717,0.21238104211815698,0.39426272520552735,0.6352811932226308,1.0,1.0,0.20008873114463177
pizhou,endpoint_corridor_0.050,mean_shift_2h,123,10613,3316,0.011589559973617262,0.037092882991556095,0.5925364157071472,1.0,1.0,0.18699186991869918
pizhou,endpoint_corridor_0.050,opsda_cui2015_1h_0.025,3323,10613,4452,0.3131065674173184,0.7464061096136568,0.5527134115758853,1.0,1.0,0.09359012940114354
pizhou,endpoint_corridor_0.050,opsda_cui2015_2h_0.025,4899,10613,8674,0.4616036935833412,0.5647913304127277,0.5865730615577524,1.0,1.0,0.150438865074505
pizhou,endpoint_corridor_0.050,opsda_cui2015_4h_0.025,4804,10613,13284,0.4526524074248563,0.3616380608250527,0.5941351783566605,1.0,1.0,0.16611157368859283
pizhou,endpoint_corridor_0.050,sda_florita2013_0.025,4952,10613,7304,0.46659756901912747,0.6779846659364732,0.5967840474908327,1.0,1.0,0.1635702746365105
pizhou,endpoint_corridor_0.050,threshold_1h,5213,10613,8396,0.49119004993875437,0.6208909004287756,0.7374117362271976,1.0,1.0,0.4231728371379244
pizhou,endpoint_corridor_0.050,threshold_2h,1325,10613,6346,0.12484688589465749,0.20879294043491964,0.6447851561436467,1.0,1.0,0.3305660377358491
pizhou,endpoint_corridor_0.050,threshold_4h,83,10613,3539,0.007820597380570999,0.02345295281152868,0.57298284045272,1.0,1.0,0.0963855421686747
pizhou,endpoint_corridor_0.100,financial_tail_1h,776,10493,1030,0.0739540646145049,0.7533980582524272,0.7720575601374571,1.0,1.0,0.48195876288659795
pizhou,endpoint_corridor_0.100,financial_tail_2h,309,10493,708,0.029448203564280948,0.4364406779661017,0.6513715518569887,1.0,1.0,0.3592233009708738
pizhou,endpoint_corridor_0.100,financial_tail_4h,53,10493,496,0.005050986371866959,0.10685483870967742,0.6287222735335942,1.0,1.0,0.2641509433962264
pizhou,endpoint_corridor_0.100,mean_shift_1h,3477,10493,5717,0.3313637663204041,0.6081861115969914,0.6774130225381304,1.0,1.0,0.3546160483175151
pizhou,endpoint_corridor_0.100,mean_shift_2h,458,10493,3316,0.04364814638330315,0.13811821471652594,0.6209912418973556,1.0,1.0,0.24672489082969432
pizhou,endpoint_corridor_0.100,mean_shift_4h,14,10493,1425,0.00133422281521014,0.009824561403508772,0.5940390629936185,1.0,1.0,0.14285714285714285
pizhou,endpoint_corridor_0.100,opsda_cui2015_1h_0.025,3307,10493,4452,0.31516248927856666,0.7428122192273136,0.65129523233545,1.0,1.0,0.23677048684608407
pizhou,endpoint_corridor_0.100,opsda_cui2015_2h_0.025,5282,10493,8674,0.5033832078528543,0.6089462762278073,0.6728151313535637,1.0,1.0,0.35289663006436955
pizhou,endpoint_corridor_0.100,opsda_cui2015_4h_0.025,5705,10493,13284,0.5436957971981321,0.42946401686239083,0.6885218477111553,1.0,1.0,0.396669588080631
pizhou,endpoint_corridor_0.100,sda_florita2013_0.025,4963,10493,7304,0.47298198799199465,0.6794906900328587,0.6776290000549521,1.0,1.0,0.3181543421317751
pizhou,endpoint_corridor_0.100,threshold_1h,6092,10493,8396,0.5805775278757267,0.7255836112434493,0.7451880686614765,1.0,1.0,0.4397570584372948
pizhou,endpoint_corridor_0.100,threshold_2h,2484,10493,6346,0.236729248070142,0.3914276709738418,0.6847038182786974,1.0,1.0,0.42632850241545894
pizhou,endpoint_corridor_0.100,threshold_4h,355,10493,3539,0.033832078528542836,0.10031082226617688,0.6360567015144479,1.0,1.0,0.30985915492957744
pizhou,financial_tail_1h,financial_tail_2h,425,1030,708,0.41262135922330095,0.6002824858757062,0.5842819794584501,1.0,1.0,0.18588235294117647
pizhou,financial_tail_1h,financial_tail_4h,5,1030,496,0.0048543689320388345,0.010080645161290322,0.5292929292929294,1.0,1.0,0.0
pizhou,financial_tail_1h,mean_shift_1h,720,1030,5717,0.6990291262135923,0.12594017841525276,0.6503869047619047,1.0,1.0,0.2902777777777778
pizhou,financial_tail_1h,mean_shift_2h,8,1030,3316,0.007766990291262136,0.0024125452352231603,0.5472222222222223,1.0,1.0,0.0
pizhou,financial_tail_1h,opsda_cui2015_1h_0.025,414,1030,4452,0.40194174757281553,0.09299191374663072,0.7717391304347826,1.0,1.0,0.34299516908212563
pizhou,financial_tail_1h,opsda_cui2015_2h_0.025,654,1030,8674,0.6349514563106796,0.07539774037353009,0.7038481141692151,1.0,1.0,0.3547400611620795
pizhou,financial_tail_1h,opsda_cui2015_4h_0.025,639,1030,13284,0.6203883495145631,0.048102981029810296,0.7039254042775169,1.0,1.0,0.3442879499217527
pizhou,financial_tail_1h,sda_florita2013_0.025,566,1030,7304,0.5495145631067961,0.07749178532311063,0.737809187279152,1.0,1.0,0.29858657243816256
pizhou,financial_tail_1h,threshold_1h,958,1030,8396,0.9300970873786408,0.11410195331110053,0.845951386817775,1.0,1.0,0.6492693110647182
pizhou,financial_tail_1h,threshold_2h,189,1030,6346,0.18349514563106797,0.02978254018279231,0.5580036953052826,1.0,1.0,0.09523809523809523
pizhou,financial_tail_1h,threshold_4h,2,1030,3539,0.001941747572815534,0.0005651313930488839,0.5227272727272727,1.0,1.0,0.0
pizhou,financial_tail_2h,financial_tail_4h,304,708,496,0.4293785310734463,0.6129032258064516,0.6020236525170736,1.0,1.0,0.17434210526315788
pizhou,financial_tail_2h,mean_shift_1h,583,708,5717,0.8234463276836158,0.10197656113346161,0.7636606817996183,1.0,1.0,0.6620926243567753
pizhou,financial_tail_2h,mean_shift_2h,321,708,3316,0.4533898305084746,0.09680337756332931,0.5887317684046656,1.0,1.0,0.16822429906542055
pizhou,financial_tail_2h,mean_shift_4h,2,708,1425,0.002824858757062147,0.0014035087719298245,0.5,1.0,1.0,0.0
pizhou,financial_tail_2h,opsda_cui2015_1h_0.025,125,708,4452,0.1765536723163842,0.02807726864330638,0.5,1.0,1.0,0.0
pizhou,financial_tail_2h,opsda_cui2015_2h_0.025,431,708,8674,0.6087570621468926,0.049688724925063404,0.6535741906971604,1.0,1.0,0.29930394431554525
pizhou,financial_tail_2h,opsda_cui2015_4h_0.025,578,708,13284,0.8163841807909604,0.04351099066546221,0.7268988076514027,1.0,1.0,0.5363321799307958
pizhou,financial_tail_2h,sda_florita2013_0.025,291,708,7304,0.4110169491525424,0.03984118291347207,0.5766813942071674,1.0,1.0,0.18900343642611683
pizhou,financial_tail_2h,threshold_1h,552,708,8396,0.7796610169491526,0.06574559313959027,0.6907896250287555,1.0,1.0,0.4673913043478261
pizhou,financial_tail_2h,threshold_2h,594,708,6346,0.8389830508474576,0.0936022691459187,0.7523035980106686,1.0,1.0,0.5993265993265994
pizhou,financial_tail_2h,threshold_4h,106,708,3539,0.1497175141242938,0.029951963831590846,0.5592981340725075,1.0,1.0,0.02830188679245283
pizhou,financial_tail_4h,mean_shift_1h,173,496,5717,0.3487903225806452,0.03026062620255379,0.5923274220962081,1.0,1.0,0.15028901734104047
pizhou,financial_tail_4h,mean_shift_2h,444,496,3316,0.8951612903225806,0.1338962605548854,0.7716073433585043,1.0,1.0,0.7972972972972973
pizhou,financial_tail_4h,mean_shift_4h,129,496,1425,0.2600806451612903,0.09052631578947369,0.592433629776176,1.0,1.0,0.10077519379844961
pizhou,financial_tail_4h,opsda_cui2015_2h_0.025,45,496,8674,0.0907258064516129,0.0051879179156098685,0.5,1.0,1.0,0.0
pizhou,financial_tail_4h,opsda_cui2015_4h_0.025,326,496,13284,0.657258064516129,0.02454080096356519,0.6844962042047932,1.0,1.0,0.4539877300613497
pizhou,financial_tail_4h,sda_florita2013_0.025,33,496,7304,0.06653225806451613,0.004518072289156626,0.6090373431282522,1.0,1.0,0.15151515151515152
pizhou,financial_tail_4h,threshold_1h,52,496,8396,0.10483870967741936,0.006193425440686041,0.541652097902098,1.0,1.0,0.038461538461538464
pizhou,financial_tail_4h,threshold_2h,456,496,6346,0.9193548387096774,0.0718562874251497,0.7311144553259491,1.0,1.0,0.5833333333333334
pizhou,financial_tail_4h,threshold_4h,397,496,3539,0.8004032258064516,0.11217858152020345,0.7307422933913408,1.0,1.0,0.5365239294710328
pizhou,mean_shift_1h,mean_shift_2h,1039,5717,3316,0.18173867412978836,0.313329312424608,0.5474552783864622,1.0,1.0,0.04042348411934552
pizhou,mean_shift_1h,mean_shift_4h,1,5717,1425,0.00017491691446562882,0.0007017543859649122,0.625,1.0,1.0,0.0
pizhou,mean_shift_1h,opsda_cui2015_1h_0.025,2057,5717,4452,0.35980409305579847,0.46203953279424975,0.5724355858045698,1.0,1.0,0.0
pizhou,mean_shift_1h,opsda_cui2015_2h_0.025,4025,5717,8674,0.704040580724156,0.4640304357851049,0.6890245489500147,1.0,1.0,0.3980124223602485
pizhou,mean_shift_1h,opsda_cui2015_4h_0.025,4673,5717,13284,0.8173867412978835,0.35177657332128875,0.7204521600091898,1.0,1.0,0.4879092659961481
pizhou,mean_shift_1h,sda_florita2013_0.025,3292,5717,7304,0.5758264824208501,0.45071193866374587,0.6122426420953152,1.0,1.0,0.1856014580801944
pizhou,mean_shift_1h,threshold_1h,5522,5717,8396,0.9658912016792024,0.6576941400666985,0.776266075668466,1.0,1.0,0.6140890981528432
pizhou,mean_shift_1h,threshold_2h,3608,5717,6346,0.6311002273919888,0.5685471162937283,0.6733778278262758,1.0,1.0,0.42350332594235035
pizhou,mean_shift_1h,threshold_4h,285,5717,3539,0.04985132062270421,0.08053122350946595,0.5384788454594548,1.0,1.0,0.03859649122807018
pizhou,mean_shift_2h,mean_shift_4h,997,3316,1425,0.30066344993968636,0.6996491228070175,0.5742262196795852,1.0,1.0,0.05315947843530592
pizhou,mean_shift_2h,opsda_cui2015_2h_0.025,267,3316,8674,0.08051869722557298,0.03078164629928522,0.530497592295345,1.0,1.0,0.0
pizhou,mean_shift_2h,opsda_cui2015_4h_0.025,2102,3316,13284,0.6338962605548853,0.15823547124360132,0.6383010252777142,1.0,1.0,0.30685061845861084
pizhou,mean_shift_2h,sda_florita2013_0.025,141,3316,7304,0.0425211097708082,0.019304490690032858,0.5651400018421294,1.0,1.0,0.1276595744680851
pizhou,mean_shift_2h,threshold_1h,202,3316,8396,0.0609167671893848,0.024059075750357314,0.5264688419391389,1.0,1.0,0.0
pizhou,mean_shift_2h,threshold_2h,3117,3316,6346,0.9399879372738239,0.491175543649543,0.7376553676863647,1.0,1.0,0.6942572986846327
pizhou,mean_shift_2h,threshold_4h,2404,3316,3539,0.7249698431845597,0.6792879344447584,0.7448509257856006,1.0,1.0,0.673044925124792
pizhou,mean_shift_4h,opsda_cui2015_4h_0.025,27,1425,13284,0.018947368421052633,0.0020325203252032522,0.5135802469135802,1.0,1.0,0.0
pizhou,mean_shift_4h,sda_florita2013_0.025,1,1425,7304,0.0007017543859649122,0.00013691128148959474,0.5263157894736842,1.0,1.0,0.0
pizhou,mean_shift_4h,threshold_2h,197,1425,6346,0.13824561403508773,0.031043176804286164,0.5536039762437222,1.0,1.0,0.02030456852791878
pizhou,mean_shift_4h,threshold_4h,1331,1425,3539,0.9340350877192982,0.3760949420740322,0.7313649947635098,1.0,1.0,0.5972952667167544
pizhou,opsda_cui2015_1h_0.025,opsda_cui2015_2h_0.025,4403,4452,8674,0.9889937106918238,0.5076089462762278,0.9164206223029753,1.0,1.0,0.8328412446059504
pizhou,opsda_cui2015_1h_0.025,opsda_cui2015_4h_0.025,4018,4452,13284,0.9025157232704403,0.30246913580246915,0.9167496266799403,1.0,1.0,0.8334992533598805
pizhou,opsda_cui2015_1h_0.025,sda_florita2013_0.025,4452,4452,7304,1.0,0.6095290251916758,1.0,1.0,1.0,1.0
pizhou,opsda_cui2015_1h_0.025,threshold_1h,3491,4452,8396,0.7841419586702606,0.4157932348737494,0.7210445908526688,1.0,1.0,0.2523632197078201
pizhou,opsda_cui2015_1h_0.025,threshold_2h,264,4452,6346,0.05929919137466307,0.041601008509297197,0.5,1.0,1.0,0.0
pizhou,opsda_cui2015_2h_0.025,opsda_cui2015_4h_0.025,8074,8674,13284,0.9308277611252017,0.6077988557663354,0.9557609964966912,1.0,1.0,0.8865494178845678
pizhou,opsda_cui2015_2h_0.025,sda_florita2013_0.025,6855,8674,7304,0.79029282914457,0.9385268346111719,0.9463165572574763,1.0,1.0,0.8926331145149526
pizhou,opsda_cui2015_2h_0.025,threshold_1h,5477,8674,8396,0.6314272538621166,0.652334444973797,0.7134449690045819,1.0,1.0,0.4013145882782545
pizhou,opsda_cui2015_2h_0.025,threshold_2h,2411,8674,6346,0.27795711321189764,0.3799243618027104,0.6467075507100394,1.0,1.0,0.28038158440481126
pizhou,opsda_cui2015_2h_0.025,threshold_4h,105,8674,3539,0.012105141803089694,0.029669398135066402,0.5,1.0,1.0,0.0
pizhou,opsda_cui2015_4h_0.025,sda_florita2013_0.025,6762,13284,7304,0.50903342366757,0.9257940854326396,0.9215511049140153,1.0,1.0,0.834220644779651
pizhou,opsda_cui2015_4h_0.025,threshold_1h,5413,13284,8396,0.4074826859379705,0.6447117675083373,0.7266447763907582,1.0,1.0,0.4328468501755034
pizhou,opsda_cui2015_4h_0.025,threshold_2h,4368,13284,6346,0.3288166214995483,0.6883075953356445,0.7311640212910817,1.0,1.0,0.5810439560439561
pizhou,opsda_cui2015_4h_0.025,threshold_4h,1291,13284,3539,0.09718458295694068,0.3647923142130545,0.6133618812549874,1.0,1.0,0.22153369481022464
pizhou,sda_florita2013_0.025,threshold_1h,5111,7304,8396,0.6997535596933188,0.6087422582181992,0.7002045075514064,1.0,1.0,0.2619839561729603
pizhou,sda_florita2013_0.025,threshold_2h,1408,7304,6346,0.1927710843373494,0.22187204538291838,0.6143380333366129,1.0,1.0,0.2571022727272727
pizhou,sda_florita2013_0.025,threshold_4h,76,7304,3539,0.0104052573932092,0.021474992935857588,0.5639439507860561,1.0,1.0,0.09210526315789473
pizhou,threshold_1h,threshold_2h,2852,8396,6346,0.3396855645545498,0.4494169555625591,0.5707648388311081,1.0,1.0,0.12166900420757364
pizhou,threshold_1h,threshold_4h,42,8396,3539,0.0050023820867079564,0.01186775925402656,0.5222222222222223,1.0,1.0,0.0
pizhou,threshold_2h,threshold_4h,2282,6346,3539,0.35959659628112195,0.6448149194687764,0.6149998056044769,1.0,1.0,0.2147239263803681
suining,adaptive_corridor,endpoint_corridor_0.025,2469,3538,3111,0.6978518937252686,0.793635486981678,0.8713671751946357,1.0,1.0,0.7298501417577967
suining,adaptive_corridor,endpoint_corridor_0.050,2881,3538,3571,0.8143018654607123,0.8067768132175861,0.8933600271069899,1.0,1.0,0.7799375216938563
suining,adaptive_corridor,endpoint_corridor_0.100,3087,3538,3731,0.8725268513284341,0.8273921200750469,0.9113267900439912,1.0,1.0,0.8237771298995789
suining,adaptive_corridor,financial_tail_1h,616,3538,864,0.17410966647823628,0.7129629629629629,0.7515653988868275,1.0,1.0,0.44642857142857145
suining,adaptive_corridor,financial_tail_2h,222,3538,554,0.06274731486715658,0.4007220216606498,0.6452023452023452,1.0,1.0,0.34234234234234234
suining,adaptive_corridor,financial_tail_4h,56,3538,375,0.01582815149802148,0.14933333333333335,0.6089879366665081,1.0,1.0,0.19642857142857142
suining,adaptive_corridor,mean_shift_1h,1013,3538,1938,0.28631995477671,0.522703818369453,0.6669428383396794,1.0,1.0,0.32477788746298125
suining,adaptive_corridor,mean_shift_2h,171,3538,1145,0.04833239118145845,0.14934497816593886,0.613290364606154,1.0,1.0,0.2222222222222222
suining,adaptive_corridor,mean_shift_4h,9,3538,625,0.002543810062182024,0.0144,0.610311781632731,1.0,1.0,0.2222222222222222
suining,adaptive_corridor,opsda_cui2015_1h_0.025,1139,3538,1534,0.3219332956472583,0.742503259452412,0.6261340357038339,1.0,1.0,0.20719929762949957
suining,adaptive_corridor,opsda_cui2015_2h_0.025,1721,3538,2930,0.4864330130016959,0.5873720136518771,0.6491035112476136,1.0,1.0,0.2916908773968623
suining,adaptive_corridor,opsda_cui2015_4h_0.025,1852,3538,4407,0.5234595816845675,0.4202405264352167,0.6682955648263423,1.0,1.0,0.3509719222462203
suining,adaptive_corridor,sda_florita2013_0.025,1576,3538,2320,0.44544940644431885,0.6793103448275862,0.6536895193779712,1.0,1.0,0.2696700507614213
suining,adaptive_corridor,threshold_1h,2006,3538,2953,0.5669869983041266,0.6793091771080257,0.7404245596543703,1.0,1.0,0.4272183449651047
suining,adaptive_corridor,threshold_2h,791,3538,2402,0.22357263990955342,0.3293089092422981,0.6864811652738327,1.0,1.0,0.438685208596713
suining,adaptive_corridor,threshold_4h,130,3538,1420,0.03674392312040701,0.09154929577464789,0.6569900574538583,1.0,1.0,0.3230769230769231
suining,endpoint_corridor_0.025,endpoint_corridor_0.050,2950,3111,3571,0.9482481517197042,0.8260991318958275,0.9489370460048426,1.0,1.0,0.8915254237288136
suining,endpoint_corridor_0.025,endpoint_corridor_0.100,2528,3111,3731,0.812600450016072,0.6775663361029215,0.8528236136226642,1.0,1.0,0.6910601265822784
suining,endpoint_corridor_0.025,financial_tail_1h,475,3111,864,0.1526840244294439,0.5497685185185185,0.629298245614035,1.0,1.0,0.22736842105263158
suining,endpoint_corridor_0.025,financial_tail_2h,64,3111,554,0.020572163291546125,0.11552346570397112,0.5505208333333333,1.0,1.0,0.109375
suining,endpoint_corridor_0.025,financial_tail_4h,2,3111,375,0.0006428801028608164,0.005333333333333333,0.6833333333333333,1.0,1.0,0.5
suining,endpoint_corridor_0.025,mean_shift_1h,371,3111,1938,0.11925425908068145,0.1914344685242518,0.6043126684636119,1.0,1.0,0.1105121293800539
suining,endpoint_corridor_0.025,mean_shift_2h,12,3111,1145,0.003857280617164899,0.010480349344978166,0.5983796296296297,1.0,1.0,0.16666666666666666
suining,endpoint_corridor_0.025,opsda_cui2015_1h_0.025,1130,3111,1534,0.3632272581163613,0.7366362451108214,0.5,1.0,1.0,0.0
suining,endpoint_corridor_0.025,opsda_cui2015_2h_0.025,1374,3111,2930,0.4416586306653809,0.4689419795221843,0.524490538573508,1.0,1.0,0.016739446870451237
suining,endpoint_corridor_0.025,opsda_cui2015_4h_0.025,1324,3111,4407,0.4255866280938605,0.3004311322895394,0.5258919579916559,1.0,1.0,0.02039274924471299
suining,endpoint_corridor_0.025,sda_florita2013_0.025,1389,3111,2320,0.446480231436837,0.5987068965517242,0.526490452192396,1.0,1.0,0.02087832973362131
suining,endpoint_corridor_0.025,threshold_1h,1339,3111,2953,0.4304082288653166,0.4534371825262445,0.6770475479213343,1.0,1.0,0.3121732636295743
suining,endpoint_corridor_0.025,threshold_2h,181,3111,2402,0.05818064930890389,0.07535387177352207,0.6055445935280189,1.0,1.0,0.27071823204419887
suining,endpoint_corridor_0.025,threshold_4h,8,3111,1420,0.0025715204114432656,0.005633802816901409,0.5907512626262627,1.0,1.0,0.25
suining,endpoint_corridor_0.050,endpoint_corridor_0.100,2963,3571,3731,0.8297395687482498,0.7941570624497454,0.8730715866051676,1.0,1.0,0.7377657779277759
suining,endpoint_corridor_0.050,financial_tail_1h,574,3571,864,0.16073928871464577,0.6643518518518519,0.7051352248216359,1.0,1.0,0.367595818815331
suining,endpoint_corridor_0.050,financial_tail_2h,134,3571,554,0.037524502940352845,0.24187725631768953,0.613095238095238,1.0,1.0,0.2835820895522388
suining,endpoint_corridor_0.050,financial_tail_4h,16,3571,375,0.004480537664519743,0.042666666666666665,0.5864741161616162,1.0,1.0,0.1875
suining,endpoint_corridor_0.050,mean_shift_1h,666,3571,1938,0.1865023802856343,0.34365325077399383,0.6374874874874875,1.0,1.0,0.21171171171171171
suining,endpoint_corridor_0.050,mean_shift_2h,41,3571,1145,0.01148137776533184,0.03580786026200873,0.5926151761517615,1.0,1.0,0.17073170731707318
suining,endpoint_corridor_0.050,opsda_cui2015_1h_0.025,1156,3571,1534,0.3237188462615514,0.7535853976531942,0.5485870818915802,1.0,1.0,0.08823529411764706
suining,endpoint_corridor_0.050,opsda_cui2015_2h_0.025,1629,3571,2930,0.45617474096891625,0.5559726962457338,0.573770060510392,1.0,1.0,0.12584407612031923
suining,endpoint_corridor_0.050,opsda_cui2015_4h_0.025,1644,3571,4407,0.4603752450294035,0.3730428863172226,0.5797481462171242,1.0,1.0,0.1356447688564477
suining,endpoint_corridor_0.050,sda_florita2013_0.025,1560,3571,2320,0.4368524222906749,0.6724137931034483,0.5832890720390721,1.0,1.0,0.1358974358974359
suining,endpoint_corridor_0.050,threshold_1h,1804,3571,2953,0.505180621674601,0.6109041652556721,0.7279933481152993,1.0,1.0,0.4063192904656319
suining,endpoint_corridor_0.050,threshold_2h,444,3571,2402,0.12433492019042285,0.18484596169858453,0.6604559917059917,1.0,1.0,0.38288288288288286
suining,endpoint_corridor_0.050,threshold_4h,42,3571,1420,0.011761411369364323,0.029577464788732393,0.5747474747474748,1.0,1.0,0.11904761904761904
suining,endpoint_corridor_0.100,financial_tail_1h,612,3731,864,0.16403109086035916,0.7083333333333334,0.7623327108621226,1.0,1.0,0.47058823529411764
suining,endpoint_corridor_0.100,financial_tail_2h,239,3731,554,0.06405789332618601,0.4314079422382672,0.6369189504126743,1.0,1.0,0.32217573221757323
suining,endpoint_corridor_0.100,financial_tail_4h,62,3731,375,0.016617528812650766,0.16533333333333333,0.6121483579144867,1.0,1.0,0.20967741935483872
suining,endpoint_corridor_0.100,mean_shift_1h,1079,3731,1938,0.289198606271777,0.5567595459236326,0.6779359195021846,1.0,1.0,0.35032437442076
suining,endpoint_corridor_0.100,mean_shift_2h,167,3731,1145,0.044760117930849636,0.14585152838427948,0.596623087491351,1.0,1.0,0.17964071856287425
suining,endpoint_corridor_0.100,mean_shift_4h,4,3731,625,0.0010720986330742428,0.0064,0.5957602339181286,1.0,1.0,0.0
suining,endpoint_corridor_0.100,opsda_cui2015_1h_0.025,1185,3731,1534,0.31760922004824443,0.772490221642764,0.640787623066104,1.0,1.0,0.22953586497890296
suining,endpoint_corridor_0.100,opsda_cui2015_2h_0.025,1783,3731,2930,0.47788796569284375,0.6085324232081911,0.6615548967764334,1.0,1.0,0.32922041503084687
suining,endpoint_corridor_0.100,opsda_cui2015_4h_0.025,1962,3731,4407,0.5258643795229161,0.4452008168822328,0.6802757074163801,1.0,1.0,0.38837920489296635
suining,endpoint_corridor_0.100,sda_florita2013_0.025,1624,3731,2320,0.4352720450281426,0.7,0.6668471307018105,1.0,1.0,0.3017241379310345
suining,endpoint_corridor_0.100,threshold_1h,2110,3731,2953,0.5655320289466631,0.7145275990518117,0.7412243285939969,1.0,1.0,0.42274881516587676
suining,endpoint_corridor_0.100,threshold_2h,890,3731,2402,0.23854194585901903,0.37052456286427976,0.6849822867519496,1.0,1.0,0.4303370786516854
suining,endpoint_corridor_0.100,threshold_4h,151,3731,1420,0.040471723398552664,0.10633802816901408,0.6520125159003227,1.0,1.0,0.3443708609271523
suining,financial_tail_1h,financial_tail_2h,343,864,554,0.39699074074074076,0.6191335740072202,0.5737377944375028,1.0,1.0,0.16326530612244897
suining,financial_tail_1h,financial_tail_4h,10,864,375,0.011574074074074073,0.02666666666666667,0.5125,1.0,1.0,0.0
suining,financial_tail_1h,mean_shift_1h,560,864,1938,0.6481481481481481,0.2889576883384933,0.6826998299319728,1.0,1.0,0.39107142857142857
suining,financial_tail_1h,mean_shift_2h,16,864,1145,0.018518518518518517,0.013973799126637555,0.5332228535353535,1.0,1.0,0.0
suining,financial_tail_1h,opsda_cui2015_1h_0.025,316,864,1534,0.36574074074074076,0.20599739243807041,0.7863924050632911,1.0,1.0,0.3987341772151899
suining,financial_tail_1h,opsda_cui2015_2h_0.025,527,864,2930,0.6099537037037037,0.17986348122866894,0.7227703984819734,1.0,1.0,0.41366223908918404
suining,financial_tail_1h,opsda_cui2015_4h_0.025,516,864,4407,0.5972222222222222,0.11708645336963922,0.7283499446290144,1.0,1.0,0.4166666666666667
suining,financial_tail_1h,sda_florita2013_0.025,451,864,2320,0.5219907407407407,0.19439655172413794,0.7476665610811951,1.0,1.0,0.34146341463414637
suining,financial_tail_1h,threshold_1h,752,864,2953,0.8703703703703703,0.25465628174737553,0.9004875886524822,1.0,1.0,0.7486702127659575
suining,financial_tail_1h,threshold_2h,241,864,2402,0.2789351851851852,0.1003330557868443,0.5551175656984786,1.0,1.0,0.0995850622406639
suining,financial_tail_1h,threshold_4h,4,864,1420,0.004629629629629629,0.0028169014084507044,0.5625,1.0,1.0,0.0
suining,financial_tail_2h,financial_tail_4h,192,554,375,0.34657039711191334,0.512,0.6054755727320066,1.0,1.0,0.16666666666666666
suining,financial_tail_2h,mean_shift_1h,396,554,1938,0.7148014440433214,0.2043343653250774,0.7296005691839025,1.0,1.0,0.51010101010101
suining,financial_tail_2h,mean_shift_2h,240,554,1145,0.4332129963898917,0.2096069868995633,0.6235743827931327,1.0,1.0,0.22083333333333333
suining,financial_tail_2h,mean_shift_4h,4,554,625,0.007220216606498195,0.0064,0.5649801587301588,1.0,1.0,0.0
suining,financial_tail_2h,opsda_cui2015_1h_0.025,102,554,1534,0.18411552346570398,0.06649282920469361,0.5,1.0,1.0,0.0
suining,financial_tail_2h,opsda_cui2015_2h_0.025,323,554,2930,0.5830324909747292,0.11023890784982936,0.6819032876308417,1.0,1.0,0.3653250773993808
suining,financial_tail_2h,opsda_cui2015_4h_0.025,437,554,4407,0.7888086642599278,0.09916042659405491,0.7354231263270165,1.0,1.0,0.5675057208237986
suining,financial_tail_2h,sda_florita2013_0.025,208,554,2320,0.37545126353790614,0.0896551724137931,0.5810878357753358,1.0,1.0,0.22115384615384615
suining,financial_tail_2h,threshold_1h,363,554,2953,0.6552346570397112,0.12292583813071453,0.6318345795618523,1.0,1.0,0.34710743801652894
suining,financial_tail_2h,threshold_2h,461,554,2402,0.8321299638989169,0.19192339716902582,0.8143839228980227,1.0,1.0,0.702819956616052
suining,financial_tail_2h,threshold_4h,107,554,1420,0.1931407942238267,0.07535211267605633,0.5770145213781104,1.0,1.0,0.102803738317757
suining,financial_tail_4h,mean_shift_1h,56,375,1938,0.14933333333333335,0.02889576883384933,0.566242884100027,1.0,1.0,0.10714285714285714
suining,financial_tail_4h,mean_shift_2h,275,375,1145,0.7333333333333333,0.24017467248908297,0.7519867068093183,1.0,1.0,0.7090909090909091
suining,financial_tail_4h,mean_shift_4h,153,375,625,0.408,0.2448,0.6101881487680231,1.0,1.0,0.1895424836601307
suining,financial_tail_4h,opsda_cui2015_2h_0.025,31,375,2930,0.08266666666666667,0.010580204778156996,0.5,1.0,1.0,0.0
suining,financial_tail_4h,opsda_cui2015_4h_0.025,202,375,4407,0.5386666666666666,0.04583616972997504,0.6354069060752229,1.0,1.0,0.3217821782178218
suining,financial_tail_4h,sda_florita2013_0.025,18,375,2320,0.048,0.007758620689655172,0.5623597081930415,1.0,1.0,0.1111111111111111
suining,financial_tail_4h,threshold_1h,22,375,2953,0.058666666666666666,0.007450050795800881,0.5050505050505051,1.0,1.0,0.0
suining,financial_tail_4h,threshold_2h,270,375,2402,0.72,0.11240632805995004,0.6754748227444306,1.0,1.0,0.4074074074074074
suining,financial_tail_4h,threshold_4h,310,375,1420,0.8266666666666667,0.21830985915492956,0.7790109260202536,1.0,1.0,0.6612903225806451
suining,mean_shift_1h,mean_shift_2h,298,1938,1145,0.15376676986584106,0.26026200873362443,0.5484151474923287,1.0,1.0,0.06711409395973154
suining,mean_shift_1h,opsda_cui2015_1h_0.025,857,1938,1534,0.4422084623323013,0.5586701434159062,0.5783741734733567,1.0,1.0,0.0
suining,mean_shift_1h,opsda_cui2015_2h_0.025,1406,1938,2930,0.7254901960784313,0.47986348122866895,0.69756655151392,1.0,1.0,0.3812233285917496
suining,mean_shift_1h,opsda_cui2015_4h_0.025,1575,1938,4407,0.8126934984520123,0.3573859768550034,0.712387136672851,1.0,1.0,0.43492063492063493
suining,mean_shift_1h,sda_florita2013_0.025,1234,1938,2320,0.6367389060887513,0.531896551724138,0.6106602608628542,1.0,1.0,0.1547811993517018
suining,mean_shift_1h,threshold_1h,1888,1938,2953,0.9742002063983488,0.6393498137487301,0.7771537446193165,1.0,1.0,0.6069915254237288
suining,mean_shift_1h,threshold_2h,1242,1938,2402,0.6408668730650154,0.5170691090757702,0.668150772558985,1.0,1.0,0.392914653784219
suining,mean_shift_1h,threshold_4h,76,1938,1420,0.0392156862745098,0.05352112676056338,0.5315877835614677,1.0,1.0,0.039473684210526314
suining,mean_shift_2h,mean_shift_4h,368,1145,625,0.32139737991266376,0.5888,0.573496882057475,1.0,1.0,0.08152173913043478
suining,mean_shift_2h,opsda_cui2015_2h_0.025,134,1145,2930,0.11703056768558952,0.04573378839590444,0.5351812366737739,1.0,1.0,0.0
suining,mean_shift_2h,opsda_cui2015_4h_0.025,693,1145,4407,0.605240174672489,0.1572498298162015,0.648707905850763,1.0,1.0,0.33910533910533913
suining,mean_shift_2h,sda_florita2013_0.025,58,1145,2320,0.050655021834061134,0.025,0.5625310991690301,1.0,1.0,0.08620689655172414
suining,mean_shift_2h,threshold_1h,64,1145,2953,0.05589519650655022,0.021672875042329835,0.5314292478354978,1.0,1.0,0.03125
suining,mean_shift_2h,threshold_2h,1070,1145,2402,0.9344978165938864,0.4454621149042465,0.7388022368036692,1.0,1.0,0.685981308411215
suining,mean_shift_2h,threshold_4h,827,1145,1420,0.7222707423580786,0.5823943661971831,0.7149845694731312,1.0,1.0,0.5562273276904474
suining,mean_shift_4h,opsda_cui2015_4h_0.025,7,625,4407,0.0112,0.0015883821193555707,0.519047619047619,1.0,1.0,0.0
suining,mean_shift_4h,threshold_2h,69,625,2402,0.1104,0.028726061615320566,0.5614168794627865,1.0,1.0,0.014492753623188406
suining,mean_shift_4h,threshold_4h,573,625,1420,0.9168,0.4035211267605634,0.7535439739422548,1.0,1.0,0.6893542757417103
suining,opsda_cui2015_1h_0.025,opsda_cui2015_2h_0.025,1529,1534,2930,0.9967405475880052,0.5218430034129693,0.9408109875735775,1.0,1.0,0.881621975147155
suining,opsda_cui2015_1h_0.025,opsda_cui2015_4h_0.025,1463,1534,4407,0.953715775749674,0.3319718629453143,0.9401913875598086,1.0,1.0,0.8803827751196173
suining,opsda_cui2015_1h_0.025,sda_florita2013_0.025,1534,1534,2320,1.0,0.6612068965517242,1.0,1.0,1.0,1.0
suining,opsda_cui2015_1h_0.025,threshold_1h,1283,1534,2953,0.8363754889178618,0.4344734168642059,0.7526630293582749,1.0,1.0,0.3250194855806703
suining,opsda_cui2015_1h_0.025,threshold_2h,160,1534,2402,0.10430247718383312,0.06661115736885928,0.5,1.0,1.0,0.0
suining,opsda_cui2015_2h_0.025,opsda_cui2015_4h_0.025,2798,2930,4407,0.9549488054607509,0.6348990242795552,0.9674189046597909,1.0,1.0,0.9149392423159399
suining,opsda_cui2015_2h_0.025,sda_florita2013_0.025,2222,2930,2320,0.7583617747440273,0.9577586206896552,0.9592709270927092,1.0,1.0,0.9185418541854186
suining,opsda_cui2015_2h_0.025,threshold_1h,1937,2930,2953,0.6610921501706485,0.6559431087030139,0.7352521080708999,1.0,1.0,0.43004646360351056
suining,opsda_cui2015_2h_0.025,threshold_2h,989,2930,2402,0.33754266211604095,0.41174021648626147,0.6569045211613462,1.0,1.0,0.320525783619818
suining,opsda_cui2015_2h_0.025,threshold_4h,57,2930,1420,0.019453924914675767,0.04014084507042254,0.5,1.0,1.0,0.0
suining,opsda_cui2015_4h_0.025,sda_florita2013_0.025,2232,4407,2320,0.5064669843430906,0.9620689655172414,0.9405796637651477,1.0,1.0,0.8727598566308243
suining,opsda_cui2015_4h_0.025,threshold_1h,1906,4407,2953,0.43249375992738825,0.6454453098543854,0.7424118073252386,1.0,1.0,0.44333683105981114
suining,opsda_cui2015_4h_0.025,threshold_2h,1594,4407,2402,0.3616972997503971,0.6636136552872606,0.7285159685567464,1.0,1.0,0.5658720200752823
suining,opsda_cui2015_4h_0.025,threshold_4h,486,4407,1420,0.1102791014295439,0.34225352112676055,0.6223991714732456,1.0,1.0,0.24897119341563786
suining,sda_florita2013_0.025,threshold_1h,1817,2320,2953,0.7831896551724138,0.6153064679986454,0.720253164556962,1.0,1.0,0.2966428178315905
suining,sda_florita2013_0.025,threshold_2h,544,2320,2402,0.23448275862068965,0.22647793505412156,0.6075550011671335,1.0,1.0,0.2610294117647059
suining,sda_florita2013_0.025,threshold_4h,30,2320,1420,0.01293103448275862,0.02112676056338028,0.5867845117845117,1.0,1.0,0.13333333333333333
suining,threshold_1h,threshold_2h,1085,2953,2402,0.36742295970199795,0.45170691090757703,0.5719159335288367,1.0,1.0,0.14377880184331798
suining,threshold_1h,threshold_4h,23,2953,1420,0.0077886894683372844,0.01619718309859155,0.5332125603864734,1.0,1.0,0.0
suining,threshold_2h,threshold_4h,787,2402,1420,0.3276436303080766,0.5542253521126761,0.5972503687566738,1.0,1.0,0.14866581956797967
yandun,adaptive_corridor,endpoint_corridor_0.025,20307,22738,22091,0.8930864631893746,0.919243130686705,0.9506422838008006,1.0,1.0,0.8967843600728813
yandun,adaptive_corridor,endpoint_corridor_0.050,21121,22738,23602,0.9288855660128419,0.8948817896788408,0.9518675320649658,1.0,1.0,0.90019411959661
yandun,adaptive_corridor,endpoint_corridor_0.100,20190,22738,24016,0.8879408918990237,0.8406895403064624,0.9103853292587888,1.0,1.0,0.8132738979692917
yandun,adaptive_corridor,financial_tail_1h,7555,22738,16311,0.3322631717829185,0.46318435411685366,0.6641594970218399,1.0,1.0,0.28206485771012574
yandun,adaptive_corridor,financial_tail_2h,1570,22738,11798,0.06904740962265811,0.13307340227157144,0.5899112829845313,1.0,1.0,0.21910828025477708
yandun,adaptive_corridor,financial_tail_4h,207,22738,9292,0.00910370305215938,0.022277227722772276,0.5832621216679188,1.0,1.0,0.15458937198067632
yandun,adaptive_corridor,mean_shift_1h,3644,22738,13634,0.1602603571114434,0.26727299398562415,0.6282508022834588,1.0,1.0,0.18468715697036223
yandun,adaptive_corridor,mean_shift_2h,238,22738,10092,0.010467059547893395,0.02358303606817281,0.61857357161979,1.0,1.0,0.2689075630252101
yandun,adaptive_corridor,mean_shift_4h,30,22738,6386,0.0013193772539361421,0.004697776385844034,0.5659651333030882,1.0,1.0,0.06666666666666667
yandun,adaptive_corridor,opsda_cui2015_1h_0.025,8476,22738,10746,0.372768053478758,0.7887586078540852,0.5455206858581092,1.0,1.0,0.07833883907503539
yandun,adaptive_corridor,opsda_cui2015_2h_0.025,10524,22738,19078,0.4628375406807987,0.5516301499108921,0.5719190602885016,1.0,1.0,0.12153173698213607
yandun,adaptive_corridor,opsda_cui2015_4h_0.025,10232,22738,27767,0.44999560207582023,0.3684949760507077,0.5810626742946915,1.0,1.0,0.14503518373729476
yandun,adaptive_corridor,sda_florita2013_0.025,10480,22738,16478,0.46090245404169233,0.6359995145041873,0.571800261337475,1.0,1.0,0.11087786259541985
yandun,adaptive_corridor,threshold_1h,10205,22738,18648,0.4488081625472777,0.5472436722436722,0.6765241517152345,1.0,1.0,0.30720235178833905
yandun,adaptive_corridor,threshold_2h,2227,22738,16597,0.09794177148385962,0.1341808760619389,0.6327703030891177,1.0,1.0,0.31297709923664124
yandun,adaptive_corridor,threshold_4h,348,22738,13467,0.01530477614565925,0.025840944531075962,0.6396578738953175,1.0,1.0,0.31896551724137934
yandun,endpoint_corridor_0.025,endpoint_corridor_0.050,21150,22091,23602,0.9574034674754425,0.8961104991102449,0.9619717437802544,1.0,1.0,0.9201891252955082
yandun,endpoint_corridor_0.025,endpoint_corridor_0.100,18968,22091,24016,0.858630211398307,0.7898067954696869,0.8860933645821351,1.0,1.0,0.759067903838043
yandun,endpoint_corridor_0.025,financial_tail_1h,6852,22091,16311,0.31017156307998733,0.42008460548096377,0.6176639424012454,1.0,1.0,0.19921190893169877
yandun,endpoint_corridor_0.025,financial_tail_2h,828,22091,11798,0.03748132723733647,0.07018138667570775,0.5485813971321218,1.0,1.0,0.11835748792270531
yandun,endpoint_corridor_0.025,financial_tail_4h,20,22091,9292,0.0009053460685346974,0.002152389151958674,0.5381565656565656,1.0,1.0,0.1
yandun,endpoint_corridor_0.025,mean_shift_1h,2044,22091,13634,0.09252636820424608,0.1499193193486871,0.5904924983692107,1.0,1.0,0.06947162426614481
yandun,endpoint_corridor_0.025,mean_shift_2h,18,22091,10092,0.0008148114616812277,0.0017835909631391202,0.5353735770402436,1.0,1.0,0.0
yandun,endpoint_corridor_0.025,opsda_cui2015_1h_0.025,8747,22091,10746,0.3959531030736499,0.8139772938767914,0.5,1.0,1.0,0.0
yandun,endpoint_corridor_0.025,opsda_cui2015_2h_0.025,9836,22091,19078,0.44524919650536415,0.5155676695670406,0.5226904568252677,1.0,1.0,0.013318422122814153
yandun,endpoint_corridor_0.025,opsda_cui2015_4h_0.025,9185,22091,27767,0.4157801819745598,0.3307883458782007,0.5229621276926666,1.0,1.0,0.014589003810560696
yandun,endpoint_corridor_0.025,sda_florita2013_0.025,10278,22091,16478,0.465257344619981,0.6237407452360724,0.522655147224616,1.0,1.0,0.014788869429850166
yandun,endpoint_corridor_0.025,threshold_1h,8412,22091,18648,0.3807885564256937,0.4510939510939511,0.6366420985893169,1.0,1.0,0.23811222063718498
yandun,endpoint_corridor_0.025,threshold_2h,912,22091,16597,0.0412837807251822,0.05494968970295837,0.5739664027492973,1.0,1.0,0.17324561403508773
yandun,endpoint_corridor_0.025,threshold_4h,28,22091,13467,0.0012674844959485764,0.0020791564565233534,0.5699765512265512,1.0,1.0,0.10714285714285714
yandun,endpoint_corridor_0.050,endpoint_corridor_0.100,20640,23602,24016,0.8745021608338276,0.8594270486342438,0.9014126499845976,1.0,1.0,0.7920058139534883
yandun,endpoint_corridor_0.050,financial_tail_1h,8096,23602,16311,0.34302177781543935,0.4963521549874318,0.6628968253968253,1.0,1.0,0.28186758893280633
yandun,endpoint_corridor_0.050,financial_tail_2h,1716,23602,11798,0.07270570290653335,0.14544838108153924,0.5906065525383707,1.0,1.0,0.22144522144522144
yandun,endpoint_corridor_0.050,financial_tail_4h,157,23602,9292,0.006651978645877468,0.01689625484287559,0.6004242749465679,1.0,1.0,0.21656050955414013
yandun,endpoint_corridor_0.050,mean_shift_1h,3359,23602,13634,0.14231844758918735,0.24636937069091977,0.6154233828095096,1.0,1.0,0.13813635010419767
yandun,endpoint_corridor_0.050,mean_shift_2h,121,23602,10092,0.005126684179306839,0.01198969480776853,0.5775345866254956,1.0,1.0,0.1322314049586777
yandun,endpoint_corridor_0.050,mean_shift_4h,8,23602,6386,0.00033895432590458433,0.001252740369558409,0.5422123015873015,1.0,1.0,0.0
yandun,endpoint_corridor_0.050,opsda_cui2015_1h_0.025,8603,23602,10746,0.3645030082196424,0.8005769588684162,0.5299507923592545,1.0,1.0,0.05532953620829943
yandun,endpoint_corridor_0.050,opsda_cui2015_2h_0.025,10796,23602,19078,0.45741886280823657,0.5658874095817171,0.5547901339120309,1.0,1.0,0.08271582067432383
yandun,endpoint_corridor_0.050,opsda_cui2015_4h_0.025,10361,23602,27767,0.4389882213371748,0.3731407786221054,0.5596066661625005,1.0,1.0,0.09477849628414246
yandun,endpoint_corridor_0.050,sda_florita2013_0.025,10804,23602,16478,0.45775781713414115,0.6556620949144314,0.5605114988676632,1.0,1.0,0.09098482043687522
yandun,endpoint_corridor_0.050,threshold_1h,10463,23602,18648,0.44330988899245827,0.5610789360789361,0.6780978777824807,1.0,1.0,0.312816591799675
yandun,endpoint_corridor_0.050,threshold_2h,2111,23602,16597,0.0894415727480722,0.12719166114358016,0.6188262984449626,1.0,1.0,0.2913311226906679
yandun,endpoint_corridor_0.050,threshold_4h,229,23602,13467,0.009702567579018728,0.017004529590851712,0.62244885732201,1.0,1.0,0.27074235807860264
yandun,endpoint_corridor_0.100,financial_tail_1h,9060,24016,16311,0.37724850099933377,0.5554533750229906,0.6889086863590175,1.0,1.0,0.3271523178807947
yandun,endpoint_corridor_0.100,financial_tail_2h,3051,24016,11798,0.12704030646235842,0.25860315307679266,0.6293102987547432,1.0,1.0,0.31039003605375287
yandun,endpoint_corridor_0.100,financial_tail_4h,699,24016,9292,0.029105596269153898,0.07522600086095566,0.6375765015980803,1.0,1.0,0.3133047210300429
yandun,endpoint_corridor_0.100,mean_shift_1h,5312,24016,13634,0.2211858760826116,0.3896141997946311,0.6426218265920827,1.0,1.0,0.2396460843373494
yandun,endpoint_corridor_0.100,mean_shift_2h,674,24016,10092,0.028064623584277148,0.06678557273087594,0.6183436329578763,1.0,1.0,0.258160237388724
yandun,endpoint_corridor_0.100,mean_shift_4h,74,24016,6386,0.0030812791472351764,0.011587848418415283,0.6171780593371654,1.0,1.0,0.21621621621621623
yandun,endpoint_corridor_0.100,opsda_cui2015_1h_0.025,8455,24016,10746,0.35205696202531644,0.7868043923320305,0.5991523753203233,1.0,1.0,0.16700177409816677
yandun,endpoint_corridor_0.100,opsda_cui2015_2h_0.025,11421,24016,19078,0.47555796135909395,0.5986476569871055,0.6227181757914618,1.0,1.0,0.24130986778740915
yandun,endpoint_corridor_0.100,opsda_cui2015_4h_0.025,11741,24016,27767,0.48888241172551633,0.4228400619440343,0.6357749609218819,1.0,1.0,0.27706328251426626
yandun,endpoint_corridor_0.100,sda_florita2013_0.025,10767,24016,16478,0.4483261159227182,0.6534166767811628,0.6252329346401512,1.0,1.0,0.21649484536082475
yandun,endpoint_corridor_0.100,threshold_1h,12148,24016,18648,0.5058294470353097,0.6514371514371514,0.6878247644135034,1.0,1.0,0.31766545933486995
yandun,endpoint_corridor_0.100,threshold_2h,4068,24016,16597,0.16938707528314456,0.24510453696451165,0.6591937874754984,1.0,1.0,0.372173058013766
yandun,endpoint_corridor_0.100,threshold_4h,1001,24016,13467,0.041680546302465024,0.07432984332070988,0.6661542020670508,1.0,1.0,0.37962037962037964
yandun,financial_tail_1h,financial_tail_2h,7461,16311,11798,0.4574213720801913,0.6323953212408883,0.5859186770726778,1.0,1.0,0.17852834740651388
yandun,financial_tail_1h,financial_tail_4h,271,16311,9292,0.01661455459505855,0.029164873009040033,0.5430375674297967,1.0,1.0,0.02214022140221402
yandun,financial_tail_1h,mean_shift_1h,9430,16311,13634,0.5781374532524064,0.6916532198914479,0.7136831540675654,1.0,1.0,0.46659597030752914
yandun,financial_tail_1h,mean_shift_2h,532,16311,10092,0.03261602599472749,0.05271502179944511,0.551526694900755,1.0,1.0,0.05639097744360902
yandun,financial_tail_1h,mean_shift_4h,1,16311,6386,6.130831953896144e-05,0.00015659254619480113,0.5,1.0,1.0,0.0
yandun,financial_tail_1h,opsda_cui2015_1h_0.025,5521,16311,10746,0.3384832321746061,0.5137725665363856,0.7497434039727103,1.0,1.0,0.32367324760007243
yandun,financial_tail_1h,opsda_cui2015_2h_0.025,8745,16311,19078,0.5361412543682178,0.4583813816961946,0.7149710038389284,1.0,1.0,0.3854774156660949
yandun,financial_tail_1h,opsda_cui2015_4h_0.025,8781,16311,27767,0.5383483538716204,0.3162387006158389,0.7209094581916584,1.0,1.0,0.3984739779068443
yandun,financial_tail_1h,sda_florita2013_0.025,7692,16311,16478,0.47158359389369137,0.4668042238135696,0.7131246440333804,1.0,1.0,0.28042121684867394
yandun,financial_tail_1h,threshold_1h,12461,16311,18648,0.7639629697749984,0.6682217932217932,0.8790718470198446,1.0,1.0,0.7342107375010031
yandun,financial_tail_1h,threshold_2h,5512,16311,16597,0.33793145729875546,0.3321082123275291,0.5780072129128733,1.0,1.0,0.15529753265602322
yandun,financial_tail_1h,threshold_4h,162,16311,13467,0.009931947765311753,0.01202940521274226,0.5419113092588038,1.0,1.0,0.024691358024691357
yandun,financial_tail_2h,financial_tail_4h,5834,11798,9292,0.49449059162569925,0.6278519156263452,0.5966510489520931,1.0,1.0,0.15375385670209119
yandun,financial_tail_2h,mean_shift_1h,7689,11798,13634,0.6517206306153586,0.5639577526771307,0.7280280664986089,1.0,1.0,0.5710755624918715
yandun,financial_tail_2h,mean_shift_2h,5858,11798,10092,0.4965248347177488,0.5804597701149425,0.6497627581771794,1.0,1.0,0.3282690337999317
yandun,financial_tail_2h,mean_shift_4h,166,11798,6386,0.014070181386675708,0.025994362668336986,0.5606914655925919,1.0,1.0,0.018072289156626505
yandun,financial_tail_2h,opsda_cui2015_1h_0.025,1278,11798,10746,0.10832344465163588,0.11892797319932999,0.5,1.0,1.0,0.0
yandun,financial_tail_2h,opsda_cui2015_2h_0.025,5253,11798,19078,0.4452449567723343,0.2753433273928085,0.6485495816449557,1.0,1.0,0.2962116885589187
yandun,financial_tail_2h,opsda_cui2015_4h_0.025,7454,11798,27767,0.6318020003390405,0.2684481578852595,0.7149261569304499,1.0,1.0,0.523209015293802
yandun,financial_tail_2h,sda_florita2013_0.025,3300,11798,16478,0.2797084251568062,0.20026702269692923,0.5803413354322445,1.0,1.0,0.19515151515151516
yandun,financial_tail_2h,threshold_1h,6764,11798,18648,0.5733175114426174,0.36271986271986273,0.6433058042719485,1.0,1.0,0.33589591957421644
yandun,financial_tail_2h,threshold_2h,9900,11798,16597,0.8391252754704187,0.5964933421702717,0.8427199251365918,1.0,1.0,0.794040404040404
yandun,financial_tail_2h,threshold_4h,4001,11798,13467,0.3391252754704187,0.2970966065196406,0.5860747733899705,1.0,1.0,0.137215696075981
yandun,financial_tail_4h,mean_shift_1h,1899,9292,13634,0.2043693499784761,0.1392841425847147,0.5877482465752608,1.0,1.0,0.14428646656134808
yandun,financial_tail_4h,mean_shift_2h,6419,9292,10092,0.6908092983211365,0.6360483551327785,0.7482725006287321,1.0,1.0,0.6804798255179935
yandun,financial_tail_4h,mean_shift_4h,3522,9292,6386,0.3790357296599225,0.5515189476980896,0.6188600060304563,1.0,1.0,0.19165247018739354
yandun,financial_tail_4h,opsda_cui2015_2h_0.025,490,9292,19078,0.052733534222987516,0.02568403396582451,0.5,1.0,1.0,0.0
yandun,financial_tail_4h,opsda_cui2015_4h_0.025,3725,9292,27767,0.40088247955230305,0.13415205099578636,0.6481161798678579,1.0,1.0,0.33369127516778524
yandun,financial_tail_4h,sda_florita2013_0.025,518,9292,16478,0.05574687903572966,0.03143585386576041,0.6100154457297314,1.0,1.0,0.23552123552123552
yandun,financial_tail_4h,threshold_1h,700,9292,18648,0.07533362031855359,0.03753753753753754,0.5630820568320568,1.0,1.0,0.08714285714285715
yandun,financial_tail_4h,threshold_2h,6538,9292,16597,0.7036160137752906,0.39392661324335726,0.6604746225427883,1.0,1.0,0.3420006118078923
yandun,financial_tail_4h,threshold_4h,8215,9292,13467,0.8840938441670254,0.6100096532264053,0.8210542987714671,1.0,1.0,0.7576384662203287
yandun,mean_shift_1h,mean_shift_2h,3690,13634,10092,0.2706469121314361,0.36563614744351963,0.5560844909248783,1.0,1.0,0.07262872628726287
yandun,mean_shift_1h,mean_shift_4h,4,13634,6386,0.00029338418659234265,0.0006263701847792045,0.5340725535065285,1.0,1.0,0.0
yandun,mean_shift_1h,opsda_cui2015_1h_0.025,4931,13634,10746,0.3616693560217104,0.4588684161548483,0.5725343067667139,1.0,1.0,0.0
yandun,mean_shift_1h,opsda_cui2015_2h_0.025,9335,13634,19078,0.6846853454598797,0.48930705524688123,0.671086285612263,1.0,1.0,0.32383502945902515
yandun,mean_shift_1h,opsda_cui2015_4h_0.025,10520,13634,27767,0.7716004107378612,0.37886700039615373,0.7046325250056239,1.0,1.0,0.43307984790874526
yandun,mean_shift_1h,sda_florita2013_0.025,7400,13634,16478,0.542760745195834,0.4490836266537201,0.6002756864006864,1.0,1.0,0.1331081081081081
yandun,mean_shift_1h,threshold_1h,13106,13634,18648,0.9612732873698108,0.7028099528099528,0.7693458450344609,1.0,1.0,0.600564626888448
yandun,mean_shift_1h,threshold_2h,10366,13634,16597,0.760305119554056,0.6245707055491957,0.678172209380004,1.0,1.0,0.4520547945205479
yandun,mean_shift_1h,threshold_4h,1146,13634,13467,0.08405456945870618,0.08509690354199154,0.5454866367328073,1.0,1.0,0.04363001745200698
yandun,mean_shift_2h,mean_shift_4h,3857,10092,6386,0.382183908045977,0.603977450673348,0.5648734315616171,1.0,1.0,0.06481721545242417
yandun,mean_shift_2h,opsda_cui2015_2h_0.025,777,10092,19078,0.07699167657550535,0.040727539574378864,0.5280382423239566,1.0,1.0,0.0
yandun,mean_shift_2h,opsda_cui2015_4h_0.025,5137,10092,27767,0.5090170432025367,0.18500378146720928,0.6280073596941419,1.0,1.0,0.27681526182596844
yandun,mean_shift_2h,sda_florita2013_0.025,529,10092,16478,0.05241775663892192,0.032103410608083506,0.5464501252975621,1.0,1.0,0.026465028355387523
yandun,mean_shift_2h,threshold_1h,814,10092,18648,0.08065794688862465,0.04365079365079365,0.538756827393191,1.0,1.0,0.02457002457002457
yandun,mean_shift_2h,threshold_2h,9570,10092,16597,0.9482758620689655,0.576610230764596,0.7279393686123419,1.0,1.0,0.6521421107628004
yandun,mean_shift_2h,threshold_4h,8636,10092,13467,0.8557273087594134,0.6412712556619886,0.7318160344336913,1.0,1.0,0.6415006947660954
yandun,mean_shift_4h,opsda_cui2015_4h_0.025,67,6386,27767,0.010491700595051676,0.00241293621925307,0.5124378109452735,1.0,1.0,0.0
yandun,mean_shift_4h,sda_florita2013_0.025,91,6386,16478,0.014249921703726902,0.0055225148683092605,0.5366924657238678,1.0,1.0,0.0
yandun,mean_shift_4h,threshold_2h,568,6386,16597,0.08894456623864704,0.034223052358860036,0.551315042544721,1.0,1.0,0.02640845070422535
yandun,mean_shift_4h,threshold_4h,5937,6386,13467,0.9296899467585343,0.44085542437068387,0.7147494918726741,1.0,1.0,0.5209701869631127
yandun,opsda_cui2015_1h_0.025,opsda_cui2015_2h_0.025,10740,10746,19078,0.9994416527079844,0.5629520914141943,0.9291899441340782,1.0,1.0,0.8583798882681565
yandun,opsda_cui2015_1h_0.025,opsda_cui2015_4h_0.025,10140,10746,27767,0.943606923506421,0.3651816904959124,0.9236193293885602,1.0,1.0,0.8472386587771203
yandun,opsda_cui2015_1h_0.025,sda_florita2013_0.025,10746,10746,16478,1.0,0.6521422502730914,1.0,1.0,1.0,1.0
yandun,opsda_cui2015_1h_0.025,threshold_1h,8432,10746,18648,0.7846640610459706,0.4521664521664522,0.7256087919038584,1.0,1.0,0.27514231499051234
yandun,opsda_cui2015_1h_0.025,threshold_2h,981,10746,16597,0.09128978224455611,0.059107067542326926,0.5,1.0,1.0,0.0
yandun,opsda_cui2015_2h_0.025,opsda_cui2015_4h_0.025,18010,19078,27767,0.9440192892336723,0.6486116613245939,0.9671957378176146,1.0,1.0,0.9141032759578013
yandun,opsda_cui2015_2h_0.025,sda_florita2013_0.025,15177,19078,16478,0.7955236397945278,0.92104624347615,0.9498912828622257,1.0,1.0,0.8997825657244515
yandun,opsda_cui2015_2h_0.025,threshold_1h,12604,19078,18648,0.6606562532760247,0.6758901758901759,0.7196351120581523,1.0,1.0,0.3866232941923199
yandun,opsda_cui2015_2h_0.025,threshold_2h,6203,19078,16597,0.3251389034489989,0.37374224257395916,0.635471699561656,1.0,1.0,0.25939061744317266
yandun,opsda_cui2015_2h_0.025,threshold_4h,355,19078,13467,0.018607820526260616,0.026360733645206802,0.5,1.0,1.0,0.0
yandun,opsda_cui2015_4h_0.025,sda_florita2013_0.025,15440,27767,16478,0.5560557496308568,0.9370069183153296,0.9298215827781889,1.0,1.0,0.853821243523316
yandun,opsda_cui2015_4h_0.025,threshold_1h,12531,27767,18648,0.4512911009471675,0.671975546975547,0.7342496640078636,1.0,1.0,0.4278190088580321
yandun,opsda_cui2015_4h_0.025,threshold_2h,10451,27767,16597,0.3763820362300573,0.6296921130324757,0.7052498517334418,1.0,1.0,0.49622045737250026
yandun,opsda_cui2015_4h_0.025,threshold_4h,4036,27767,13467,0.14535239672993122,0.2996955520902948,0.6185829669724616,1.0,1.0,0.23042616451932607
yandun,sda_florita2013_0.025,threshold_1h,11431,16478,18648,0.693712829226848,0.612987987987988,0.7014446930027369,1.0,1.0,0.26130697226839295
yandun,sda_florita2013_0.025,threshold_2h,3519,16478,16597,0.21355747056681637,0.2120262698077966,0.5989318037272002,1.0,1.0,0.21909633418584826
yandun,sda_florita2013_0.025,threshold_4h,601,16478,13467,0.036472872921471056,0.04462760822751912,0.6154687218929349,1.0,1.0,0.22795341098169716
yandun,threshold_1h,threshold_2h,8421,18648,16597,0.45157657657657657,0.5073808519611978,0.5698948009332762,1.0,1.0,0.1187507421921387
yandun,threshold_1h,threshold_4h,249,18648,13467,0.013352638352638353,0.01848964134551125,0.5345594145204351,1.0,1.0,0.020080321285140562
yandun,threshold_2h,threshold_4h,8246,16597,13467,0.4968367777309152,0.6123115764461275,0.6004186346197912,1.0,1.0,0.15656075673053602
