site,left_minutes,right_minutes,config,left_events,right_events,matched_pairs,left_coverage,right_coverage,nmi,ari,agreement,informative,prototype,normalization,block_days,occupied_blocks,bootstrap_valid_nmi,bootstrap_valid_ari,nmi_low,nmi_high,ari_low,ari_high,coverage
greece,10,30,adaptive_corridor,754,620,105,0.1392572944297082,0.1693548387096774,1.0,1.0,1.0,True,pizhou_raw25_kmeans_k4_s41_frozen,fixed_30min_training_reference,7,6,2000.0,2000.0,0.9999999999999998,1.0000000000000002,1.0,1.0,0.1392572944297082
greece,10,30,endpoint_corridor_0.025,603,468,65,0.1077943615257048,0.1388888888888889,1.0000000000000002,1.0,1.0,True,pizhou_raw25_kmeans_k4_s41_frozen,fixed_30min_training_reference,7,6,2000.0,2000.0,0.9999999999999998,1.0000000000000002,1.0,1.0,0.1077943615257048
greece,10,30,endpoint_corridor_0.050,884,647,156,0.1764705882352941,0.241112828438949,1.0,1.0,1.0,True,pizhou_raw25_kmeans_k4_s41_frozen,fixed_30min_training_reference,7,6,2000.0,2000.0,1.0,1.0000000000000002,1.0,1.0,0.1764705882352941
greece,10,30,endpoint_corridor_0.100,1105,710,268,0.2425339366515837,0.3774647887323943,0.8893223001839068,0.9409490211299796,0.9850746268656716,True,pizhou_raw25_kmeans_k4_s41_frozen,fixed_30min_training_reference,7,6,2000.0,2000.0,0.7711516923077787,1.0,0.8571833466089394,1.0,0.2425339366515837
greece,10,30,financial_tail_120min,271,192,180,0.6642066420664207,0.9375,0.8601636334872959,0.9080624469560638,0.9555555555555556,True,pizhou_raw25_kmeans_k4_s41_frozen,fixed_30min_training_reference,7,5,1998.0,1998.0,0.8217023212906525,0.9593125074284172,0.8768933954458844,0.9722945524800858,0.6642066420664207
greece,10,30,financial_tail_240min,188,155,148,0.7872340425531915,0.9548387096774194,0.7136449464377992,0.7678654372523824,0.8783783783783784,True,pizhou_raw25_kmeans_k4_s41_frozen,fixed_30min_training_reference,7,4,2000.0,2000.0,0.629525312911852,0.8223651574247358,0.5869255101407926,0.8749507136842765,0.7872340425531915
greece,10,30,financial_tail_60min,445,273,245,0.550561797752809,0.8974358974358975,0.7995573942096218,0.8423309273762724,0.9183673469387756,True,pizhou_raw25_kmeans_k4_s41_frozen,fixed_30min_training_reference,7,5,1998.0,1998.0,0.765550951642125,0.8806909394638519,0.7964231531031928,0.9106372973582496,0.550561797752809
greece,10,30,mean_shift_120min,298,300,285,0.9563758389261744,0.95,0.626594572447245,0.5987826292590458,0.7719298245614035,True,pizhou_raw25_kmeans_k4_s41_frozen,fixed_30min_training_reference,7,6,2000.0,2000.0,0.5935568803640094,0.7390699590200254,0.5254778522252672,0.7700083514209625,0.95
greece,10,30,mean_shift_240min,184,189,179,0.9728260869565216,0.9470899470899472,0.6878685785658926,0.6481101259426493,0.8324022346368715,True,pizhou_raw25_kmeans_k4_s41_frozen,fixed_30min_training_reference,7,6,2000.0,2000.0,0.6500162637852462,0.7810445001543072,0.573731711745795,0.7769401922617428,0.9470899470899472
greece,10,30,mean_shift_60min,342,302,289,0.8450292397660819,0.956953642384106,0.6572295151391581,0.6032816984128201,0.7474048442906575,True,pizhou_raw25_kmeans_k4_s41_frozen,fixed_30min_training_reference,7,6,2000.0,2000.0,0.6362030039494229,0.7243415185757253,0.5437693909665438,0.7271406134994942,0.8450292397660819
greece,10,30,opsda_cui2015_120min_0.025,1734,475,305,0.1758938869665513,0.6421052631578947,0.872550013048582,0.9424316380755854,0.9737704918032788,True,pizhou_raw25_kmeans_k4_s41_frozen,fixed_30min_training_reference,7,6,2000.0,2000.0,0.8368223667477304,0.9804077924205052,0.9163240471181636,0.992151101520238,0.1758938869665513
greece,10,30,opsda_cui2015_240min_0.025,2165,935,505,0.2332563510392609,0.5401069518716578,0.8939301290596945,0.9534176732482972,0.9801980198019802,True,pizhou_raw25_kmeans_k4_s41_frozen,fixed_30min_training_reference,7,6,2000.0,2000.0,0.8496591199395843,0.9754553670283128,0.9235619286885997,0.9893021198230552,0.2332563510392609
greece,10,30,opsda_cui2015_60min_0.025,935,185,101,0.1080213903743315,0.5459459459459459,0.8445736897719351,0.9023559237013292,0.9603960396039604,True,pizhou_raw25_kmeans_k4_s41_frozen,fixed_30min_training_reference,7,6,2000.0,2000.0,0.7712537808389233,1.0,0.8221855815076856,1.0,0.1080213903743315
greece,10,30,sda_florita2013_0.025,494,425,57,0.1153846153846153,0.1341176470588235,0.813176963417439,0.859539719758356,0.9473684210526316,True,pizhou_raw25_kmeans_k4_s41_frozen,fixed_30min_training_reference,7,5,2000.0,2000.0,0.6827418622632349,1.0,0.7327333903519381,1.0,0.1153846153846153
greece,10,30,threshold_120min,852,630,582,0.6830985915492958,0.923809523809524,0.7695635829365548,0.866011835377532,0.936426116838488,True,pizhou_raw25_kmeans_k4_s41_frozen,fixed_30min_training_reference,7,6,2000.0,2000.0,0.7062510878935295,0.9220852519770918,0.8045684781055795,0.9631273334823216,0.6830985915492958
greece,10,30,threshold_240min,575,455,414,0.72,0.90989010989011,0.6679538211803395,0.7108341063466996,0.8357487922705314,True,pizhou_raw25_kmeans_k4_s41_frozen,fixed_30min_training_reference,7,6,2000.0,2000.0,0.6328069837350344,0.7650676028828199,0.6477970463506161,0.8179360098940076,0.72
greece,10,30,threshold_60min,991,554,528,0.5327951564076691,0.9530685920577616,0.7917680107969719,0.8427307614923839,0.9166666666666666,True,pizhou_raw25_kmeans_k4_s41_frozen,fixed_30min_training_reference,7,6,2000.0,2000.0,0.7540445338783249,0.8633505352158297,0.7974504818317367,0.9009816492386968,0.5327951564076691
greece,10,60,adaptive_corridor,754,468,39,0.0517241379310344,0.0833333333333333,1.0,1.0,1.0,True,pizhou_raw25_kmeans_k4_s41_frozen,fixed_30min_training_reference,7,6,1998.0,1998.0,0.9999999999999998,1.0000000000000002,1.0,1.0,0.0517241379310344
greece,10,60,endpoint_corridor_0.025,603,389,22,0.0364842454394693,0.0565552699228791,1.0,1.0,1.0,True,pizhou_raw25_kmeans_k4_s41_frozen,fixed_30min_training_reference,7,6,1998.0,1998.0,0.9999999999999996,1.0000000000000002,1.0,1.0,0.0364842454394693
greece,10,60,endpoint_corridor_0.050,884,488,54,0.0610859728506787,0.110655737704918,0.8776986524053494,0.925429398178874,0.9814814814814816,True,pizhou_raw25_kmeans_k4_s41_frozen,fixed_30min_training_reference,7,6,2000.0,2000.0,0.6825414284549264,1.0000000000000002,0.7153659017686895,1.0,0.0610859728506787
greece,10,60,endpoint_corridor_0.100,1105,511,99,0.0895927601809954,0.1937377690802348,0.9266902535337778,0.9595574611438634,0.98989898989899,True,pizhou_raw25_kmeans_k4_s41_frozen,fixed_30min_training_reference,7,6,2000.0,2000.0,0.8348160920473539,1.0000000000000002,0.8824145678101706,1.0,0.0895927601809954
greece,10,60,financial_tail_120min,271,169,155,0.5719557195571956,0.9171597633136096,0.8871169586233602,0.9073138495280691,0.9548387096774194,True,pizhou_raw25_kmeans_k4_s41_frozen,fixed_30min_training_reference,7,4,2000.0,2000.0,0.8619920255570517,0.954282636330926,0.8627550566096228,0.9693500481419142,0.5719557195571956
greece,10,60,financial_tail_240min,188,144,140,0.7446808510638298,0.9722222222222222,0.6825652323462781,0.690889458533803,0.8285714285714286,True,pizhou_raw25_kmeans_k4_s41_frozen,fixed_30min_training_reference,7,4,2000.0,2000.0,0.6137430272537355,0.824468646050757,0.5032441200324412,0.8762587651777126,0.7446808510638298
greece,10,60,financial_tail_60min,445,179,111,0.249438202247191,0.6201117318435754,0.8422268132287767,0.8723081033659991,0.9369369369369368,True,pizhou_raw25_kmeans_k4_s41_frozen,fixed_30min_training_reference,7,5,1998.0,1998.0,0.7776785865586205,0.920982062343234,0.7921796254886613,0.9509326363312344,0.249438202247191
greece,10,60,mean_shift_120min,298,289,259,0.8691275167785235,0.8961937716262975,0.631148949378022,0.5425590582448879,0.6833976833976834,True,pizhou_raw25_kmeans_k4_s41_frozen,fixed_30min_training_reference,7,6,2000.0,2000.0,0.6130178742082193,0.7121568357655815,0.5140349457229649,0.6690601505485474,0.8691275167785235
greece,10,60,mean_shift_240min,184,189,171,0.9293478260869564,0.9047619047619048,0.6396705698268956,0.5714384146777498,0.7660818713450293,True,pizhou_raw25_kmeans_k4_s41_frozen,fixed_30min_training_reference,7,6,2000.0,2000.0,0.6169782898255194,0.7163706228651423,0.4625192004851616,0.7095909857631778,0.9047619047619048
greece,10,60,mean_shift_60min,342,258,55,0.1608187134502924,0.2131782945736434,0.722721416575185,0.6877619948738831,0.7818181818181819,True,pizhou_raw25_kmeans_k4_s41_frozen,fixed_30min_training_reference,7,6,2000.0,2000.0,0.6841895683386229,0.8650291146687318,0.5613387681239771,0.9018509377208463,0.1608187134502924
greece,10,60,opsda_cui2015_120min_0.025,1734,203,123,0.0709342560553633,0.6059113300492611,0.911342582662803,0.9496252176039824,0.983739837398374,True,pizhou_raw25_kmeans_k4_s41_frozen,fixed_30min_training_reference,7,6,2000.0,2000.0,0.833986102396085,1.0,0.8868297469930214,1.0,0.0709342560553633
greece,10,60,opsda_cui2015_240min_0.025,2165,426,213,0.0983833718244803,0.5,0.8859107003822022,0.935048841682181,0.976525821596244,True,pizhou_raw25_kmeans_k4_s41_frozen,fixed_30min_training_reference,7,6,2000.0,2000.0,0.8412340211870941,0.9573407758732624,0.8952370527605304,0.9789383357649344,0.0983833718244803
greece,10,60,opsda_cui2015_60min_0.025,935,0,0,0.0,,,,,False,pizhou_raw25_kmeans_k4_s41_frozen,fixed_30min_training_reference,7,0,,,,,,,0.0
greece,10,60,sda_florita2013_0.025,494,374,5,0.0101214574898785,0.0133689839572192,1.0,1.0,1.0,True,pizhou_raw25_kmeans_k4_s41_frozen,fixed_30min_training_reference,7,3,1857.0,1857.0,0.9999999999999998,1.0,1.0,1.0,0.0101214574898785
greece,10,60,threshold_120min,852,437,369,0.4330985915492957,0.8443935926773455,0.781482242789516,0.8489347987764976,0.926829268292683,True,pizhou_raw25_kmeans_k4_s41_frozen,fixed_30min_training_reference,7,6,2000.0,2000.0,0.7329793674620706,0.9058337301762438,0.7981591285372176,0.946911354363616,0.4330985915492957
greece,10,60,threshold_240min,575,393,337,0.5860869565217391,0.8575063613231552,0.7072581056828209,0.7200653543808087,0.8338278931750742,True,pizhou_raw25_kmeans_k4_s41_frozen,fixed_30min_training_reference,7,6,2000.0,2000.0,0.6685022169594427,0.8131722097388514,0.6613247285585024,0.8365221553325874,0.5860869565217391
greece,10,60,threshold_60min,991,258,149,0.1503531786074672,0.5775193798449613,0.780404934170794,0.8193044812043587,0.8993288590604027,True,pizhou_raw25_kmeans_k4_s41_frozen,fixed_30min_training_reference,7,6,2000.0,2000.0,0.7467735040483993,0.8824891585811779,0.7753227959988289,0.9193368863777194,0.1503531786074672
greece,30,60,adaptive_corridor,620,468,261,0.4209677419354838,0.5576923076923077,1.0,1.0,1.0,True,pizhou_raw25_kmeans_k4_s41_frozen,fixed_30min_training_reference,7,6,2000.0,2000.0,0.9999999999999996,1.0000000000000002,1.0,1.0,0.4209677419354838
greece,30,60,endpoint_corridor_0.025,468,389,187,0.3995726495726496,0.480719794344473,1.0,1.0,1.0,True,pizhou_raw25_kmeans_k4_s41_frozen,fixed_30min_training_reference,7,6,2000.0,2000.0,0.9999999999999998,1.0000000000000002,1.0,1.0,0.3995726495726496
greece,30,60,endpoint_corridor_0.050,647,488,287,0.4435857805255023,0.5881147540983607,1.0,1.0,1.0,True,pizhou_raw25_kmeans_k4_s41_frozen,fixed_30min_training_reference,7,6,2000.0,2000.0,0.9999999999999996,1.0000000000000002,1.0,1.0,0.4435857805255023
greece,30,60,endpoint_corridor_0.100,710,511,341,0.4802816901408451,0.6673189823874756,1.0,1.0,1.0,True,pizhou_raw25_kmeans_k4_s41_frozen,fixed_30min_training_reference,7,6,2000.0,2000.0,0.9999999999999996,1.0000000000000002,1.0,1.0,0.4802816901408451
greece,30,60,financial_tail_120min,192,169,157,0.8177083333333334,0.9289940828402368,0.9767043125244176,0.9864397486034748,0.9936305732484076,True,pizhou_raw25_kmeans_k4_s41_frozen,fixed_30min_training_reference,7,4,2000.0,2000.0,0.960700798286772,1.0000000000000002,0.974682915034168,1.0,0.8177083333333334
greece,30,60,financial_tail_240min,155,144,134,0.864516129032258,0.9305555555555556,0.7269805089663863,0.7846441155562061,0.8880597014925373,True,pizhou_raw25_kmeans_k4_s41_frozen,fixed_30min_training_reference,7,4,2000.0,2000.0,0.6482711651135908,0.8135837853271571,0.6285477247850974,0.8630417731834295,0.864516129032258
greece,30,60,financial_tail_60min,273,179,133,0.4871794871794871,0.7430167597765364,0.9271046638159124,0.9535403726708076,0.9774436090225564,True,pizhou_raw25_kmeans_k4_s41_frozen,fixed_30min_training_reference,7,5,1998.0,1998.0,0.8866804310156796,1.0,0.913196687496046,1.0,0.4871794871794871
greece,30,60,mean_shift_120min,300,289,273,0.91,0.944636678200692,0.6897302213628279,0.7054479776293129,0.8205128205128205,True,pizhou_raw25_kmeans_k4_s41_frozen,fixed_30min_training_reference,7,6,2000.0,2000.0,0.6629543444816027,0.7763578400014267,0.6491892520862833,0.8138819218033101,0.91
greece,30,60,mean_shift_240min,189,189,182,0.9629629629629628,0.9629629629629628,0.7249346681246333,0.698162829753536,0.8571428571428571,True,pizhou_raw25_kmeans_k4_s41_frozen,fixed_30min_training_reference,7,6,2000.0,2000.0,0.6779419655236115,0.8234635120009103,0.5577282712335839,0.8427256250535343,0.9629629629629628
greece,30,60,mean_shift_60min,302,258,225,0.7450331125827815,0.872093023255814,0.8929234041247158,0.9177796966556468,0.96,True,pizhou_raw25_kmeans_k4_s41_frozen,fixed_30min_training_reference,7,6,2000.0,2000.0,0.8831386678946013,0.9208561929021798,0.8945297766448638,0.9407526470876856,0.7450331125827815
greece,30,60,opsda_cui2015_120min_0.025,475,203,123,0.2589473684210526,0.6059113300492611,0.8721569209620096,0.9230691782986316,0.959349593495935,True,pizhou_raw25_kmeans_k4_s41_frozen,fixed_30min_training_reference,7,6,2000.0,2000.0,0.8146629203904747,1.0,0.8475093199243123,1.0,0.2589473684210526
greece,30,60,opsda_cui2015_240min_0.025,935,426,302,0.3229946524064171,0.7089201877934272,0.8271577093077969,0.8963826553516262,0.956953642384106,True,pizhou_raw25_kmeans_k4_s41_frozen,fixed_30min_training_reference,7,6,2000.0,2000.0,0.7618539406063178,0.9562612405570674,0.8421169158212183,0.9699663636083744,0.3229946524064171
greece,30,60,opsda_cui2015_60min_0.025,185,0,0,0.0,,,,,False,pizhou_raw25_kmeans_k4_s41_frozen,fixed_30min_training_reference,7,0,,,,,,,0.0
greece,30,60,sda_florita2013_0.025,425,374,142,0.3341176470588235,0.3796791443850267,0.8824311185912271,0.9310251357606352,0.971830985915493,True,pizhou_raw25_kmeans_k4_s41_frozen,fixed_30min_training_reference,7,6,2000.0,2000.0,0.7500519789186997,1.0,0.7937949972015624,1.0,0.3341176470588235
greece,30,60,threshold_120min,630,437,414,0.6571428571428571,0.9473684210526316,0.9157509429840002,0.9527024312908184,0.9758454106280192,True,pizhou_raw25_kmeans_k4_s41_frozen,fixed_30min_training_reference,7,6,2000.0,2000.0,0.8773513908430337,0.9858364047896888,0.9209203004114264,0.994124704300916,0.6571428571428571
greece,30,60,threshold_240min,455,393,366,0.8043956043956044,0.931297709923664,0.781974459430795,0.8411994933311219,0.9153005464480874,True,pizhou_raw25_kmeans_k4_s41_frozen,fixed_30min_training_reference,7,6,2000.0,2000.0,0.7336987513112551,0.8977223332768021,0.7761948867433724,0.9410046060292012,0.8043956043956044
greece,30,60,threshold_60min,554,258,221,0.3989169675090253,0.8565891472868217,0.9468918636203492,0.9651110144703058,0.9819004524886876,True,pizhou_raw25_kmeans_k4_s41_frozen,fixed_30min_training_reference,7,6,2000.0,2000.0,0.9145872561486368,1.0,0.9279676107772248,1.0,0.3989169675090253
yandun,15,30,adaptive_corridor,31713,22212,12092,0.3812947371740295,0.5443904195930128,0.6596099089075772,0.7609722914577589,0.9354118425405228,True,pizhou_raw25_kmeans_k4_s41_frozen,fixed_30min_training_reference,7,7,2000.0,2000.0,0.6242440124906629,0.7134503141857998,0.7270599063112363,0.8097583763180655,0.3812947371740295
yandun,15,30,endpoint_corridor_0.025,31503,21517,13633,0.4327524362759102,0.633592043500488,0.6482643570043212,0.7507280381655967,0.932516687449571,True,pizhou_raw25_kmeans_k4_s41_frozen,fixed_30min_training_reference,7,7,2000.0,2000.0,0.6129851644425989,0.7026997987088022,0.7164777725618406,0.7987786823201881,0.4327524362759102
yandun,15,30,endpoint_corridor_0.050,32822,23041,13041,0.3973249649625251,0.565991059415824,0.6626480482516699,0.7637796131355182,0.9363545740357334,True,pizhou_raw25_kmeans_k4_s41_frozen,fixed_30min_training_reference,7,7,2000.0,2000.0,0.6287903956955858,0.7145378696786209,0.7325590243024127,0.809008576302051,0.3973249649625251
yandun,15,30,endpoint_corridor_0.100,35184,23500,12564,0.357094133697135,0.5346382978723404,0.7095467839040807,0.8062922198574203,0.9484240687679084,True,pizhou_raw25_kmeans_k4_s41_frozen,fixed_30min_training_reference,7,7,2000.0,2000.0,0.6756602260068785,0.7604452759974969,0.7764117356825916,0.8481525240848045,0.357094133697135
yandun,15,30,financial_tail_120min,13431,11791,10959,0.8159481795845432,0.9294377067254684,0.7176455950713503,0.8148006490125757,0.9023633543206496,True,pizhou_raw25_kmeans_k4_s41_frozen,fixed_30min_training_reference,7,7,2000.0,2000.0,0.6923612870379496,0.7469042917426554,0.7941151110775848,0.8379860608722182,0.8159481795845432
yandun,15,30,financial_tail_240min,10342,9292,8811,0.8519628698510926,0.948235040895394,0.669634857968514,0.7689691640094417,0.8802633072295993,True,pizhou_raw25_kmeans_k4_s41_frozen,fixed_30min_training_reference,7,7,2000.0,2000.0,0.6394499504386294,0.712288838069384,0.7355092320003433,0.8171390246088429,0.8519628698510926
yandun,15,30,financial_tail_60min,19388,16278,14530,0.7494326387456158,0.8926158004668878,0.7799218558494995,0.8680599268100598,0.9326909841706812,True,pizhou_raw25_kmeans_k4_s41_frozen,fixed_30min_training_reference,7,7,2000.0,2000.0,0.7645205117896853,0.8065924897077623,0.8565555675478608,0.8867683573622259,0.7494326387456158
yandun,15,30,mean_shift_120min,10213,9934,9806,0.9601488299226476,0.987114958727602,0.627093094672371,0.6315034813829343,0.8163369365694473,True,pizhou_raw25_kmeans_k4_s41_frozen,fixed_30min_training_reference,7,7,2000.0,2000.0,0.6182859233665794,0.6446545068621669,0.6208078572592248,0.6543490879714762,0.9601488299226476
yandun,15,30,mean_shift_240min,6380,6302,6274,0.983385579937304,0.9955569660425262,0.6411274153523504,0.6889999668047044,0.8567102327064074,True,pizhou_raw25_kmeans_k4_s41_frozen,fixed_30min_training_reference,7,7,2000.0,2000.0,0.6187293133389864,0.6775508118360984,0.657606250451081,0.7263864747844657,0.983385579937304
yandun,15,30,mean_shift_60min,14284,13381,12790,0.8954074488938673,0.9558328973918242,0.6287395569316929,0.6433957765793363,0.7868647380766224,True,pizhou_raw25_kmeans_k4_s41_frozen,fixed_30min_training_reference,7,7,2000.0,2000.0,0.6204613175047393,0.6422880577182404,0.6326970076921262,0.6593217194229385,0.8954074488938673
yandun,15,30,opsda_cui2015_120min_0.025,39077,18647,13205,0.3379225631445607,0.7081568080656406,0.5674075129961,0.7177790102459206,0.8924649753881105,True,pizhou_raw25_kmeans_k4_s41_frozen,fixed_30min_training_reference,7,7,2000.0,2000.0,0.5507936624765304,0.5945945936350359,0.7002302139131592,0.7444544388785118,0.3379225631445607
yandun,15,30,opsda_cui2015_240min_0.025,45799,27205,17558,0.3833708159566802,0.645396066899467,0.6282322705494335,0.7709748049817401,0.9123476477958764,True,pizhou_raw25_kmeans_k4_s41_frozen,fixed_30min_training_reference,7,7,2000.0,2000.0,0.6119095585856337,0.6535236980393156,0.7561162096254974,0.7926781414982744,0.3833708159566802
yandun,15,30,opsda_cui2015_60min_0.025,26236,10472,6865,0.2616633633175789,0.6555576776165012,0.5084027039260061,0.6646750002604059,0.8713765477057538,True,pizhou_raw25_kmeans_k4_s41_frozen,fixed_30min_training_reference,7,7,2000.0,2000.0,0.4957724731158152,0.5306292615197956,0.6514425237116538,0.6855366531531515,0.2616633633175789
yandun,15,30,sda_florita2013_0.025,25667,16141,9255,0.3605797327307437,0.5733845486648906,0.5614577683555398,0.7110561987794731,0.896056185845489,True,pizhou_raw25_kmeans_k4_s41_frozen,fixed_30min_training_reference,7,7,2000.0,2000.0,0.5454101517662958,0.5879294734144869,0.6956849816521694,0.7341900022779845,0.3605797327307437
yandun,15,30,threshold_120min,20521,16336,15889,0.7742800058476682,0.9726371204701272,0.6757008534925728,0.7654185954790138,0.8736861979986154,True,pizhou_raw25_kmeans_k4_s41_frozen,fixed_30min_training_reference,7,7,2000.0,2000.0,0.6578779103920503,0.7003748984142032,0.7424517708832126,0.7958713922392834,0.7742800058476682
yandun,15,30,threshold_240min,16302,13319,13179,0.8084284136915716,0.9894887003528794,0.6225425501166527,0.7073162560307723,0.8489263221792245,True,pizhou_raw25_kmeans_k4_s41_frozen,fixed_30min_training_reference,7,7,2000.0,2000.0,0.5905334031770829,0.676728979009659,0.6562625113615372,0.7757491492359031,0.8084284136915716
yandun,15,30,threshold_60min,24714,18342,17494,0.7078578943109168,0.9537673099989096,0.7501098090932472,0.8378501723569513,0.9161426774894248,True,pizhou_raw25_kmeans_k4_s41_frozen,fixed_30min_training_reference,7,7,2000.0,2000.0,0.7365702046355861,0.7694440894343708,0.8232107556822319,0.8535856145681221,0.7078578943109168
yandun,15,60,adaptive_corridor,31713,14998,466,0.0146942894081291,0.0310708094412588,0.4884094728520772,0.6054909117564431,0.8862660944206009,True,pizhou_raw25_kmeans_k4_s41_frozen,fixed_30min_training_reference,7,7,2000.0,2000.0,0.4014133880127631,0.6226366606939715,0.5150788930707303,0.7245526736575134,0.0146942894081291
yandun,15,60,endpoint_corridor_0.025,31503,14885,561,0.0178078278259213,0.0376889486059791,0.4051694895319587,0.5094134077469274,0.8538324420677362,True,pizhou_raw25_kmeans_k4_s41_frozen,fixed_30min_training_reference,7,7,2000.0,2000.0,0.3155503964167139,0.5022969318585498,0.404286788101202,0.5989739739254728,0.0178078278259213
yandun,15,60,endpoint_corridor_0.050,32822,15890,967,0.0294619462555602,0.0608558842039018,0.4604982273370646,0.5735283668870458,0.8769389865563598,True,pizhou_raw25_kmeans_k4_s41_frozen,fixed_30min_training_reference,7,7,2000.0,2000.0,0.3953873997681514,0.5488073976228561,0.5075437667090823,0.6588863568897623,0.0294619462555602
yandun,15,60,endpoint_corridor_0.100,35184,16028,1803,0.0512448840381991,0.1124906413775892,0.525484860414027,0.6443292644181584,0.9001663893510815,True,pizhou_raw25_kmeans_k4_s41_frozen,fixed_30min_training_reference,7,7,2000.0,2000.0,0.4652415748011853,0.5953621189584971,0.5853180374195571,0.7102562393690481,0.0512448840381991
yandun,15,60,financial_tail_120min,13431,10133,8751,0.6515523788251061,0.8636139346689036,0.7168405646438305,0.793050574197301,0.8901839789738316,True,pizhou_raw25_kmeans_k4_s41_frozen,fixed_30min_training_reference,7,7,2000.0,2000.0,0.6932094210162674,0.7470562891586229,0.7740035247928765,0.8191623440602435,0.6515523788251061
yandun,15,60,financial_tail_240min,10342,8176,7590,0.7339005994971959,0.9283268101761252,0.6393175042688665,0.7260375293771486,0.8512516469038208,True,pizhou_raw25_kmeans_k4_s41_frozen,fixed_30min_training_reference,7,7,2000.0,2000.0,0.5961311385162317,0.6940352362633518,0.6849315239902733,0.7805377246420422,0.7339005994971959
yandun,15,60,financial_tail_60min,19388,12346,7742,0.399319166494739,0.62708569577191,0.6260103986429271,0.7290004383774523,0.8956342030483079,True,pizhou_raw25_kmeans_k4_s41_frozen,fixed_30min_training_reference,7,7,2000.0,2000.0,0.6007322058752469,0.6623433941500196,0.7010105144480286,0.7628782393253202,0.399319166494739
yandun,15,60,mean_shift_120min,10213,9435,8893,0.8707529619112895,0.9425543190249072,0.5176528211439793,0.4787889296824944,0.6026087934330372,True,pizhou_raw25_kmeans_k4_s41_frozen,fixed_30min_training_reference,7,7,2000.0,2000.0,0.5017306824058916,0.5458126160082907,0.4483662862010986,0.5193511926806339,0.8707529619112895
yandun,15,60,mean_shift_240min,6380,6170,6055,0.9490595611285266,0.9813614262560778,0.5018116643484729,0.4814080121750006,0.7180842279108175,True,pizhou_raw25_kmeans_k4_s41_frozen,fixed_30min_training_reference,7,7,2000.0,2000.0,0.4754223908313869,0.5393660337242366,0.4308540655632027,0.5296006492477517,0.9490595611285266
yandun,15,60,mean_shift_60min,14284,11440,3644,0.2551106132735928,0.3185314685314685,0.6150126352903885,0.6098589359943469,0.7628979143798024,True,pizhou_raw25_kmeans_k4_s41_frozen,fixed_30min_training_reference,7,7,2000.0,2000.0,0.6014943381924672,0.6315925011434673,0.5917825576379523,0.633387637449709,0.2551106132735928
yandun,15,60,opsda_cui2015_120min_0.025,39077,7786,4716,0.1206848018015712,0.605702543025944,0.5252860198597267,0.6880462105746975,0.8848600508905853,True,pizhou_raw25_kmeans_k4_s41_frozen,fixed_30min_training_reference,7,7,2000.0,2000.0,0.4837339985510518,0.5750574045979735,0.650450635278054,0.7304714789574124,0.1206848018015712
yandun,15,60,opsda_cui2015_240min_0.025,45799,13002,7131,0.1557020895652743,0.548454083987079,0.6065987319071174,0.7548344560782266,0.9087084560370214,True,pizhou_raw25_kmeans_k4_s41_frozen,fixed_30min_training_reference,7,7,2000.0,2000.0,0.5804644160817509,0.643915038946566,0.7307768474567431,0.7856550625609343,0.1557020895652743
yandun,15,60,opsda_cui2015_60min_0.025,26236,0,0,0.0,,,,,False,pizhou_raw25_kmeans_k4_s41_frozen,fixed_30min_training_reference,7,0,,,,,,,0.0
yandun,15,60,sda_florita2013_0.025,25667,10820,1993,0.0776483422293217,0.1841959334565619,0.6438064568271052,0.7581579865451036,0.9136979427997992,True,pizhou_raw25_kmeans_k4_s41_frozen,fixed_30min_training_reference,7,7,2000.0,2000.0,0.6031181916363851,0.7032476810382126,0.7097782418731109,0.8088778301392757,0.0776483422293217
yandun,15,60,threshold_120min,20521,12752,11687,0.5695141562302032,0.9164836888331244,0.6723232643525452,0.7340308173267006,0.852827928467528,True,pizhou_raw25_kmeans_k4_s41_frozen,fixed_30min_training_reference,7,7,2000.0,2000.0,0.6623708075640296,0.688223452665186,0.7198823767203059,0.7585961819128172,0.5695141562302032
yandun,15,60,threshold_240min,16302,10972,10617,0.6512697828487303,0.9676449143273788,0.5908656644453887,0.6528271070325029,0.8086088348874446,True,pizhou_raw25_kmeans_k4_s41_frozen,fixed_30min_training_reference,7,7,2000.0,2000.0,0.5650397264524352,0.6420394654686434,0.6083686368976399,0.7180370844335102,0.6512697828487303
yandun,15,60,threshold_60min,24714,11440,7259,0.2937201586145505,0.6345279720279721,0.5542239414227818,0.6559653097134359,0.8637553382008542,True,pizhou_raw25_kmeans_k4_s41_frozen,fixed_30min_training_reference,7,7,2000.0,2000.0,0.522078205470326,0.6046942308082935,0.6147651178233843,0.7062571868491075,0.2937201586145505
yandun,30,60,adaptive_corridor,22212,14998,8141,0.366513596254277,0.542805707427657,0.7424785639678791,0.8317423371033222,0.9549195430536788,True,pizhou_raw25_kmeans_k4_s41_frozen,fixed_30min_training_reference,7,7,2000.0,2000.0,0.7074097213480597,0.7874206915569627,0.7987115928613636,0.8699372175813717,0.366513596254277
yandun,30,60,endpoint_corridor_0.025,21517,14885,9401,0.4369103499558489,0.6315754114880753,0.6731078167535373,0.7663505867412821,0.93713434740985,True,pizhou_raw25_kmeans_k4_s41_frozen,fixed_30min_training_reference,7,7,2000.0,2000.0,0.6463929107778633,0.7136254044488723,0.7400234704479414,0.8031740712823766,0.4369103499558489
yandun,30,60,endpoint_corridor_0.050,23041,15890,9589,0.4161711731261664,0.6034612964128383,0.7186186405042579,0.8082738573216581,0.9490040671602878,True,pizhou_raw25_kmeans_k4_s41_frozen,fixed_30min_training_reference,7,7,2000.0,2000.0,0.6892363362071022,0.7629209352528727,0.7802408295636881,0.8464965256984677,0.4161711731261664
yandun,30,60,endpoint_corridor_0.100,23500,16028,9386,0.3994042553191489,0.5856001996506114,0.7836115261723077,0.8671108687481272,0.9649477945876838,True,pizhou_raw25_kmeans_k4_s41_frozen,fixed_30min_training_reference,7,7,2000.0,2000.0,0.7532961001939856,0.8262861286137416,0.8424417347443364,0.90119425223465,0.3994042553191489
yandun,30,60,financial_tail_120min,11791,10133,9223,0.7822067678738021,0.9101944142899436,0.7543675536203616,0.8224621601634401,0.9042610864143988,True,pizhou_raw25_kmeans_k4_s41_frozen,fixed_30min_training_reference,7,7,2000.0,2000.0,0.7237570727874599,0.7858193600252478,0.7937862936364093,0.8526270608777566,0.7822067678738021
yandun,30,60,financial_tail_240min,9292,8176,7706,0.8293155402496771,0.9425146771037182,0.6575506165256548,0.7425316850443072,0.8603685439916948,True,pizhou_raw25_kmeans_k4_s41_frozen,fixed_30min_training_reference,7,7,2000.0,2000.0,0.6246277287532779,0.7047793446807504,0.7093106241418491,0.786577567492363,0.8293155402496771
yandun,30,60,financial_tail_60min,16278,12346,8333,0.5119179260351394,0.6749554511582699,0.8674261559808021,0.9182546524572596,0.9617184687387496,True,pizhou_raw25_kmeans_k4_s41_frozen,fixed_30min_training_reference,7,7,2000.0,2000.0,0.8401847781181979,0.9027665448552492,0.8985246360655675,0.9436223511748464,0.5119179260351394
yandun,30,60,mean_shift_120min,9934,9435,9067,0.9127239782564928,0.9609962904080552,0.5787169361720531,0.5432167366624322,0.6999007389434212,True,pizhou_raw25_kmeans_k4_s41_frozen,fixed_30min_training_reference,7,7,2000.0,2000.0,0.5609359388129982,0.6017899089556158,0.5021238183959588,0.5883237329877433,0.9127239782564928
yandun,30,60,mean_shift_240min,6302,6170,6099,0.9677880038083148,0.9884927066450568,0.6022401099248542,0.6071814769320905,0.8027545499262174,True,pizhou_raw25_kmeans_k4_s41_frozen,fixed_30min_training_reference,7,7,2000.0,2000.0,0.5796962246602854,0.6311742492617128,0.5707338346312643,0.6419701100198301,0.9677880038083148
yandun,30,60,mean_shift_60min,13381,11440,9144,0.6833569987295419,0.7993006993006992,0.7524131684706354,0.7569215400521152,0.8597987751531059,True,pizhou_raw25_kmeans_k4_s41_frozen,fixed_30min_training_reference,7,7,2000.0,2000.0,0.7421791094325093,0.7685675941143368,0.7371081628385878,0.7786312231937192,0.6833569987295419
yandun,30,60,opsda_cui2015_120min_0.025,18647,7786,5505,0.295221751488175,0.7070382738248138,0.5442991276439446,0.6948085519719951,0.8824704813805632,True,pizhou_raw25_kmeans_k4_s41_frozen,fixed_30min_training_reference,7,7,2000.0,2000.0,0.5361259707561457,0.5541000025976618,0.6839112653313945,0.7044189687957176,0.295221751488175
yandun,30,60,opsda_cui2015_240min_0.025,27205,13002,9571,0.3518103289836427,0.7361175203814798,0.5928544559539408,0.7410059226941628,0.8961446034897085,True,pizhou_raw25_kmeans_k4_s41_frozen,fixed_30min_training_reference,7,7,2000.0,2000.0,0.5804990067875221,0.611877740917139,0.7323351558221758,0.7550670233506479,0.3518103289836427
yandun,30,60,opsda_cui2015_60min_0.025,10472,0,0,0.0,,,,,False,pizhou_raw25_kmeans_k4_s41_frozen,fixed_30min_training_reference,7,0,,,,,,,0.0
yandun,30,60,sda_florita2013_0.025,16141,10820,6063,0.3756272845548603,0.5603512014787431,0.5934433152591391,0.7385120904020948,0.9043377865743032,True,pizhou_raw25_kmeans_k4_s41_frozen,fixed_30min_training_reference,7,7,2000.0,2000.0,0.568557444574022,0.6189404010652984,0.7115184446132917,0.7588846572828613,0.3756272845548603
yandun,30,60,threshold_120min,16336,12752,12212,0.7475514201762977,0.9576537013801756,0.7303931723695601,0.7859147963371685,0.8800360301342941,True,pizhou_raw25_kmeans_k4_s41_frozen,fixed_30min_training_reference,7,7,2000.0,2000.0,0.7159444128602267,0.7530143651465139,0.7703883925794357,0.8099343557383388,0.7475514201762977
yandun,30,60,threshold_240min,13319,10972,10730,0.8056160372400331,0.9779438570907764,0.6242191539389237,0.6869683049911137,0.8277726001863933,True,pizhou_raw25_kmeans_k4_s41_frozen,fixed_30min_training_reference,7,7,2000.0,2000.0,0.5956310745291661,0.6745202779913364,0.6335448681798241,0.7509658614130404,0.8056160372400331
yandun,30,60,threshold_60min,18342,11440,8798,0.4796641587613128,0.769055944055944,0.8781269612695225,0.9205053468402292,0.960218231416231,True,pizhou_raw25_kmeans_k4_s41_frozen,fixed_30min_training_reference,7,7,2000.0,2000.0,0.86469943365387,0.8918348810501947,0.9101050154044664,0.9303007410255454,0.4796641587613128
lahaute,30,60,adaptive_corridor,1229,826,399,0.3246541903986981,0.4830508474576271,0.92897463080674,0.960201841465,0.9899749373433584,True,pizhou_raw25_kmeans_k4_s41_frozen,fixed_30min_training_reference,7,20,2000.0,2000.0,0.8702252171071818,1.0,0.9151127715581716,1.0,0.3246541903986981
lahaute,30,60,endpoint_corridor_0.025,926,650,317,0.3423326133909287,0.4876923076923077,0.7646978333602495,0.8306143526598379,0.9558359621451104,True,pizhou_raw25_kmeans_k4_s41_frozen,fixed_30min_training_reference,7,19,2000.0,2000.0,0.6700325065836675,0.8927648176841303,0.7396371885172196,0.9340076809725476,0.3423326133909287
lahaute,30,60,endpoint_corridor_0.050,1230,844,434,0.3528455284552845,0.514218009478673,0.854163708283933,0.9009593920380936,0.9746543778801844,True,pizhou_raw25_kmeans_k4_s41_frozen,fixed_30min_training_reference,7,20,2000.0,2000.0,0.7859910146709014,0.9495810136771136,0.8359025237865289,0.9740384502575824,0.3528455284552845
lahaute,30,60,endpoint_corridor_0.100,1389,890,495,0.3563714902807775,0.5561797752808989,0.9285015417470918,0.9599231252467813,0.98989898989899,True,pizhou_raw25_kmeans_k4_s41_frozen,fixed_30min_training_reference,7,21,2000.0,2000.0,0.864308002404309,1.0,0.9096915995628267,1.0,0.3563714902807775
lahaute,30,60,financial_tail_120min,570,453,391,0.6859649122807018,0.8631346578366446,0.7932436912676298,0.8547350000458668,0.9258312020460358,True,pizhou_raw25_kmeans_k4_s41_frozen,fixed_30min_training_reference,7,18,2000.0,2000.0,0.7405516285535331,0.8605189974802144,0.7793440547421667,0.9110777657358065,0.6859649122807018
lahaute,30,60,financial_tail_240min,373,325,297,0.7962466487935657,0.913846153846154,0.7262331703988689,0.8027172808028212,0.898989898989899,True,pizhou_raw25_kmeans_k4_s41_frozen,fixed_30min_training_reference,7,17,2000.0,2000.0,0.6781199356238439,0.7919229345011192,0.742992585415588,0.8608765347126415,0.7962466487935657
lahaute,30,60,financial_tail_60min,767,558,334,0.4354628422425032,0.5985663082437276,0.9689920449083428,0.984140821160336,0.9910179640718564,True,pizhou_raw25_kmeans_k4_s41_frozen,fixed_30min_training_reference,7,17,2000.0,2000.0,0.9444755359610691,1.0,0.9648563293854582,1.0,0.4354628422425032
lahaute,30,60,mean_shift_120min,495,437,430,0.8686868686868687,0.9839816933638444,0.6436094649361519,0.6052939743624813,0.7627906976744186,True,pizhou_raw25_kmeans_k4_s41_frozen,fixed_30min_training_reference,7,21,2000.0,2000.0,0.6167985704884961,0.6796991167358709,0.5592884547127416,0.6619924742481103,0.8686868686868687
lahaute,30,60,mean_shift_240min,286,283,278,0.972027972027972,0.9823321554770318,0.598399204619559,0.5733645006379784,0.7446043165467626,True,pizhou_raw25_kmeans_k4_s41_frozen,fixed_30min_training_reference,7,19,2000.0,2000.0,0.5696822250670923,0.649912989790529,0.5001628060975525,0.6598268572703602,0.972027972027972
lahaute,30,60,mean_shift_60min,598,417,387,0.6471571906354515,0.9280575539568344,0.8267435253871178,0.8465554966369137,0.9147286821705426,True,pizhou_raw25_kmeans_k4_s41_frozen,fixed_30min_training_reference,7,21,2000.0,2000.0,0.802202955094299,0.8563086468813659,0.8109716722752438,0.8848258534493693,0.6471571906354515
lahaute,30,60,opsda_cui2015_120min_0.025,905,298,174,0.1922651933701657,0.5838926174496645,0.7470773539592005,0.8352001927098935,0.9195402298850576,True,pizhou_raw25_kmeans_k4_s41_frozen,fixed_30min_training_reference,7,19,2000.0,2000.0,0.6862464596318392,0.8626854390084185,0.7711017754273858,0.910996050739882,0.1922651933701657
lahaute,30,60,opsda_cui2015_240min_0.025,1640,638,459,0.2798780487804878,0.719435736677116,0.7822984092196321,0.8788137123054989,0.943355119825708,True,pizhou_raw25_kmeans_k4_s41_frozen,fixed_30min_training_reference,7,21,2000.0,2000.0,0.7259025816927969,0.8655715025569127,0.8279209482905768,0.9276791326229152,0.2798780487804878
lahaute,30,60,opsda_cui2015_60min_0.025,394,0,0,0.0,,,,,False,pizhou_raw25_kmeans_k4_s41_frozen,fixed_30min_training_reference,7,0,,,,,,,0.0
lahaute,30,60,sda_florita2013_0.025,740,533,206,0.2783783783783783,0.3864915572232645,0.834016605726255,0.9063854605553264,0.9563106796116504,True,pizhou_raw25_kmeans_k4_s41_frozen,fixed_30min_training_reference,7,19,2000.0,2000.0,0.768245252156606,0.9479872584012736,0.8417677615345028,0.97161409166992,0.2783783783783783
lahaute,30,60,threshold_120min,1160,729,693,0.5974137931034482,0.9506172839506172,0.8205626795639147,0.8601167360782748,0.924963924963925,True,pizhou_raw25_kmeans_k4_s41_frozen,fixed_30min_training_reference,7,21,2000.0,2000.0,0.7807606052686202,0.8708101829431124,0.8001200121721169,0.9139568222281356,0.5974137931034482
lahaute,30,60,threshold_240min,842,671,629,0.7470308788598575,0.9374068554396424,0.7427113103007343,0.7976822601073406,0.8887122416534181,True,pizhou_raw25_kmeans_k4_s41_frozen,fixed_30min_training_reference,7,21,2000.0,2000.0,0.7099529459583672,0.7944615935967791,0.7487249993468852,0.8552578143619735,0.7470308788598575
lahaute,30,60,threshold_60min,1067,417,288,0.2699156513589503,0.6906474820143885,0.9553608258123796,0.970772283456172,0.9861111111111112,True,pizhou_raw25_kmeans_k4_s41_frozen,fixed_30min_training_reference,7,20,2000.0,2000.0,0.924837133818439,1.0,0.9407043605109202,1.0,0.2699156513589503
hill,30,60,adaptive_corridor,8051,4486,2414,0.2998385293752328,0.5381185911725368,0.7998703121069217,0.8841662189524335,0.968516984258492,True,pizhou_raw25_kmeans_k4_s41_frozen,fixed_30min_training_reference,7,12,2000.0,2000.0,0.7410134727281762,0.876393578198929,0.836472681699311,0.9365616475416118,0.2998385293752328
hill,30,60,endpoint_corridor_0.025,7757,4683,2963,0.381977568647673,0.6327140721759555,0.7129534112285291,0.8114189203989931,0.94937563280459,True,pizhou_raw25_kmeans_k4_s41_frozen,fixed_30min_training_reference,7,12,2000.0,2000.0,0.6599550663712692,0.7798617317919448,0.7643804477840206,0.8648841075423249,0.381977568647673
hill,30,60,endpoint_corridor_0.050,8607,5052,3117,0.3621470895782502,0.6169833729216152,0.7699582020024542,0.8578063995527299,0.9621430863009304,True,pizhou_raw25_kmeans_k4_s41_frozen,fixed_30min_training_reference,7,12,2000.0,2000.0,0.7230232066034132,0.8324174942498367,0.8195697077155804,0.9047912420140936,0.3621470895782502
hill,30,60,endpoint_corridor_0.100,8972,5074,3061,0.3411725367810967,0.6032715806070161,0.8133992419737869,0.8907084938917494,0.97125122508984,True,pizhou_raw25_kmeans_k4_s41_frozen,fixed_30min_training_reference,7,12,2000.0,2000.0,0.7690635892368474,0.8716690331222086,0.8565725541202961,0.9310160637636364,0.3411725367810967
hill,30,60,financial_tail_120min,1467,1207,1079,0.7355146557600545,0.8939519469759735,0.7747506680513061,0.8307235481080782,0.9054680259499536,True,pizhou_raw25_kmeans_k4_s41_frozen,fixed_30min_training_reference,7,10,2000.0,2000.0,0.7468117127252529,0.8100391042664304,0.7974476355720511,0.8588452055159718,0.7355146557600545
hill,30,60,financial_tail_240min,1091,919,858,0.7864344637946837,0.9336235038084876,0.7484335481707525,0.8289208821255388,0.9090909090909092,True,pizhou_raw25_kmeans_k4_s41_frozen,fixed_30min_training_reference,7,10,2000.0,2000.0,0.6919929438285204,0.8111556179118816,0.7578749981697004,0.8836438267220014,0.7864344637946837
hill,30,60,financial_tail_60min,2177,1594,945,0.4340836012861736,0.5928481806775407,0.9527519442505508,0.9749029366350376,0.9873015873015872,True,pizhou_raw25_kmeans_k4_s41_frozen,fixed_30min_training_reference,7,10,2000.0,2000.0,0.9379649492303638,0.9690826013153214,0.963547764772032,0.9852283092423754,0.4340836012861736
hill,30,60,mean_shift_120min,2666,2566,2385,0.8945986496624156,0.9294621979734996,0.577002432740835,0.5014863284937865,0.6859538784067086,True,pizhou_raw25_kmeans_k4_s41_frozen,fixed_30min_training_reference,7,12,2000.0,2000.0,0.557876900177204,0.6077768437049572,0.4792378396622004,0.5343166884160858,0.8945986496624156
hill,30,60,mean_shift_240min,1329,1347,1284,0.9661399548532732,0.9532293986636972,0.583510161744464,0.5252580381519787,0.764018691588785,True,pizhou_raw25_kmeans_k4_s41_frozen,fixed_30min_training_reference,7,10,2000.0,2000.0,0.5295427620845239,0.6506324210574013,0.4556264520542852,0.6190530276488401,0.9532293986636972
hill,30,60,mean_shift_60min,4544,3718,3128,0.6883802816901409,0.841312533620226,0.739687089061438,0.722047600413755,0.835997442455243,True,pizhou_raw25_kmeans_k4_s41_frozen,fixed_30min_training_reference,7,12,2000.0,2000.0,0.7211786346061503,0.7683697882033912,0.692657410336521,0.7650662746785571,0.6883802816901409
hill,30,60,opsda_cui2015_120min_0.025,6787,2188,1503,0.2214527773684986,0.6869287020109689,0.6009820340865846,0.7439553024131632,0.8948769128409847,True,pizhou_raw25_kmeans_k4_s41_frozen,fixed_30min_training_reference,7,11,2000.0,2000.0,0.5721512390765633,0.6601656807917858,0.7151339920194223,0.7884463418965926,0.2214527773684986
hill,30,60,opsda_cui2015_240min_0.025,9965,3899,2823,0.2832915203211239,0.724031803026417,0.596054310367963,0.7396298453581245,0.889833510449876,True,pizhou_raw25_kmeans_k4_s41_frozen,fixed_30min_training_reference,7,12,2000.0,2000.0,0.5630520298225165,0.6388501757256537,0.7044970345729471,0.7771253490109915,0.2832915203211239
hill,30,60,opsda_cui2015_60min_0.025,3676,0,0,0.0,,,,,False,pizhou_raw25_kmeans_k4_s41_frozen,fixed_30min_training_reference,7,0,,,,,,,0.0
hill,30,60,sda_florita2013_0.025,5325,3090,1527,0.2867605633802816,0.4941747572815534,0.6455425355944762,0.7764500544443574,0.9122462344466272,True,pizhou_raw25_kmeans_k4_s41_frozen,fixed_30min_training_reference,7,12,2000.0,2000.0,0.61737649394449,0.6852048573448574,0.7468571092078359,0.807150833896048,0.2867605633802816
hill,30,60,threshold_120min,5412,3862,3606,0.6662971175166297,0.9337131020196788,0.7060588752392137,0.7535866068574746,0.8607875762617859,True,pizhou_raw25_kmeans_k4_s41_frozen,fixed_30min_training_reference,7,12,2000.0,2000.0,0.6816335399892666,0.7394337034100116,0.7222171207872822,0.7862194439622554,0.6662971175166297
hill,30,60,threshold_240min,3293,2657,2442,0.7415730337078652,0.9190816710575838,0.6241343655825251,0.6819928576124266,0.8218673218673219,True,pizhou_raw25_kmeans_k4_s41_frozen,fixed_30min_training_reference,7,12,2000.0,2000.0,0.5941031221539844,0.6599517017001933,0.6360423942600182,0.7262719653155781,0.7415730337078652
hill,30,60,threshold_60min,7060,3718,2751,0.3896600566572238,0.7399139322216245,0.8888726629355812,0.9255308378618764,0.9618320610687024,True,pizhou_raw25_kmeans_k4_s41_frozen,fixed_30min_training_reference,7,12,2000.0,2000.0,0.8664264625119482,0.9189128730188808,0.9065726138425448,0.9490750156038188,0.3896600566572238
