window_id,morphology,confidence
V19-W0039,v_shape,M
V19-W0300,downward,H
V19-W0217,quiet,M
V19-W0140,downward,M
V19-W0252,downward,H
V19-W0064,downward,M
V19-W0096,upward,H
V19-W0021,quiet,M
V19-W0182,upward,M
V19-W0157,upward,H
V19-W0124,oscillatory,H
V19-W0105,inverted_v,M
V19-W0249,quiet,M
V19-W0091,quiet,H
V19-W0194,v_shape,H
V19-W0067,v_shape,H
V19-W0006,upward,H
V19-W0074,upward,H
V19-W0005,downward,H
V19-W0303,quiet,H
V19-W0241,inverted_v,H
V19-W0043,downward,H
V19-W0151,upward,H
V19-W0199,upward,M
V19-W0163,low_state,M
V19-W0145,v_shape,H
V19-W0084,downward,M
V19-W0127,upward,H
V19-W0189,upward,M
V19-W0260,v_shape,M
V19-W0164,upward,H
V19-W0045,downward,M
V19-W0082,upward,M
V19-W0075,upward,H
V19-W0207,upward,H
V19-W0025,downward,H
V19-W0112,low_state,M
V19-W0159,upward,M
V19-W0014,downward,H
V19-W0279,v_shape,H
V19-W0092,downward,M
V19-W0066,inverted_v,M
V19-W0320,inverted_v,H
V19-W0128,upward,M
V19-W0139,downward,M
V19-W0250,upward,M
V19-W0186,downward,H
V19-W0173,inverted_v,H
V19-W0196,downward,M
V19-W0318,downward,H
V19-W0031,upward,H
V19-W0049,downward,H
V19-W0009,upward,H
V19-W0059,v_shape,M
V19-W0222,inverted_v,M
V19-W0017,downward,H
V19-W0170,downward,M
V19-W0310,downward,H
V19-W0274,upward,H
V19-W0311,upward,M
V19-W0305,low_state,H
V19-W0224,v_shape,H
V19-W0287,low_state,H
V19-W0162,downward,H
V19-W0106,inverted_v,H
V19-W0226,upward,H
V19-W0158,oscillatory,M
V19-W0086,upward,H
V19-W0115,oscillatory,H
V19-W0034,downward,M
V19-W0304,downward,H
V19-W0176,v_shape,H
V19-W0264,downward,M
V19-W0197,downward,H
V19-W0057,upward,M
V19-W0125,quiet,L
V19-W0216,upward,M
V19-W0002,v_shape,M
V19-W0208,quiet,M
V19-W0213,upward,M
V19-W0314,quiet,M
V19-W0242,downward,H
V19-W0219,quiet,H
V19-W0069,inverted_v,H
V19-W0148,downward,M
V19-W0100,inverted_v,M
V19-W0063,inverted_v,M
V19-W0248,downward,H
V19-W0022,upward,H
V19-W0191,inverted_v,M
V19-W0297,upward,H
V19-W0041,downward,M
V19-W0235,upward,H
V19-W0007,v_shape,H
V19-W0117,low_state,M
V19-W0050,inverted_v,H
V19-W0122,upward,M
V19-W0119,quiet,H
V19-W0251,v_shape,M
V19-W0166,v_shape,H
V19-W0283,downward,H
V19-W0306,downward,M
V19-W0288,oscillatory,H
V19-W0269,v_shape,H
V19-W0113,upward,H
V19-W0138,downward,H
V19-W0161,inverted_v,M
V19-W0011,inverted_v,M
V19-W0278,downward,H
V19-W0273,upward,H
V19-W0101,upward,H
V19-W0243,upward,M
V19-W0265,v_shape,H
V19-W0126,downward,H
V19-W0229,inverted_v,H
V19-W0228,inverted_v,M
V19-W0095,quiet,H
V19-W0142,quiet,M
V19-W0047,downward,M
V19-W0107,downward,H
V19-W0293,quiet,H
V19-W0292,upward,H
V19-W0237,upward,M
V19-W0071,downward,H
V19-W0257,upward,H
V19-W0266,oscillatory,H
V19-W0065,upward,H
V19-W0154,oscillatory,M
V19-W0165,upward,M
V19-W0312,upward,M
V19-W0198,v_shape,H
V19-W0051,downward,H
V19-W0221,upward,M
V19-W0285,upward,H
V19-W0078,v_shape,H
V19-W0003,v_shape,H
V19-W0214,quiet,H
V19-W0188,oscillatory,H
V19-W0048,inverted_v,M
V19-W0174,downward,H
V19-W0317,v_shape,M
V19-W0262,downward,M
V19-W0167,quiet,H
V19-W0015,quiet,H
V19-W0160,inverted_v,H
V19-W0104,upward,H
V19-W0184,v_shape,H
V19-W0299,upward,H
V19-W0256,downward,M
V19-W0195,downward,H
V19-W0062,v_shape,M
V19-W0146,v_shape,H
V19-W0099,quiet,M
V19-W0245,quiet,M
V19-W0193,inverted_v,H
V19-W0259,downward,M
V19-W0023,downward,H
V19-W0209,downward,M
V19-W0263,v_shape,H
V19-W0211,downward,H
V19-W0171,v_shape,H
V19-W0220,low_state,H
V19-W0270,downward,H
V19-W0210,upward,H
V19-W0267,upward,H
V19-W0137,quiet,M
V19-W0215,downward,H
V19-W0168,v_shape,H
V19-W0026,upward,H
V19-W0040,upward,M
V19-W0010,downward,M
V19-W0280,quiet,L
V19-W0253,upward,H
V19-W0187,oscillatory,M
V19-W0319,upward,M
V19-W0227,upward,H
V19-W0018,downward,H
V19-W0296,inverted_v,M
V19-W0247,quiet,L
V19-W0058,v_shape,M
V19-W0008,v_shape,H
V19-W0102,inverted_v,H
V19-W0254,quiet,M
V19-W0037,upward,H
V19-W0177,inverted_v,H
V19-W0004,inverted_v,M
V19-W0036,upward,H
V19-W0130,v_shape,M
V19-W0079,upward,H
V19-W0053,inverted_v,H
V19-W0281,low_state,H
V19-W0313,v_shape,M
V19-W0192,quiet,M
V19-W0080,oscillatory,H
V19-W0061,upward,H
V19-W0030,downward,H
V19-W0143,downward,H
V19-W0261,upward,M
V19-W0183,inverted_v,H
V19-W0020,quiet,M
V19-W0156,downward,H
V19-W0172,quiet,H
V19-W0185,inverted_v,M
V19-W0027,downward,H
V19-W0231,upward,H
V19-W0180,downward,H
V19-W0108,downward,M
V19-W0077,downward,H
V19-W0109,upward,M
V19-W0272,upward,H
V19-W0301,quiet,M
V19-W0178,low_state,H
V19-W0150,downward,H
V19-W0290,low_state,H
V19-W0212,downward,H
V19-W0282,downward,H
V19-W0181,downward,H
V19-W0123,v_shape,H
V19-W0121,quiet,M
V19-W0155,v_shape,M
V19-W0094,upward,M
V19-W0316,upward,H
V19-W0044,quiet,H
V19-W0088,low_state,H
V19-W0012,upward,M
V19-W0016,oscillatory,H
V19-W0239,quiet,H
V19-W0056,downward,H
V19-W0202,quiet,H
V19-W0070,downward,H
V19-W0201,upward,H
V19-W0204,downward,H
V19-W0042,v_shape,H
V19-W0289,low_state,H
V19-W0246,v_shape,M
V19-W0291,downward,H
V19-W0308,downward,M
V19-W0144,downward,M
V19-W0129,downward,M
V19-W0090,inverted_v,H
V19-W0114,inverted_v,M
V19-W0286,low_state,H
V19-W0118,downward,H
V19-W0200,upward,H
V19-W0029,downward,H
V19-W0302,upward,M
V19-W0131,downward,M
V19-W0087,upward,H
V19-W0233,downward,H
V19-W0116,oscillatory,H
V19-W0234,downward,H
V19-W0052,quiet,M
V19-W0060,upward,M
V19-W0190,downward,M
V19-W0147,inverted_v,M
V19-W0275,v_shape,H
V19-W0089,low_state,H
V19-W0244,upward,H
V19-W0179,v_shape,H
V19-W0054,quiet,M
V19-W0153,v_shape,H
V19-W0081,upward,M
V19-W0132,inverted_v,H
V19-W0013,v_shape,M
V19-W0149,downward,H
V19-W0232,downward,H
V19-W0120,upward,H
V19-W0271,upward,H
V19-W0206,upward,M
V19-W0203,upward,M
V19-W0111,oscillatory,M
V19-W0277,upward,H
V19-W0076,inverted_v,M
V19-W0085,quiet,M
V19-W0110,low_state,H
V19-W0175,quiet,M
V19-W0309,quiet,M
V19-W0073,v_shape,M
V19-W0294,downward,H
V19-W0236,upward,M
V19-W0038,quiet,M
V19-W0133,upward,H
V19-W0068,v_shape,H
V19-W0284,upward,H
V19-W0098,downward,H
V19-W0315,v_shape,M
V19-W0134,downward,M
V19-W0223,upward,M
V19-W0033,v_shape,H
V19-W0093,upward,H
V19-W0046,inverted_v,M
V19-W0255,upward,H
V19-W0307,upward,H
V19-W0276,inverted_v,H
V19-W0141,upward,H
V19-W0103,downward,M
V19-W0225,upward,M
V19-W0135,v_shape,H
V19-W0097,low_state,H
V19-W0230,quiet,M
V19-W0019,quiet,H
V19-W0205,upward,H
V19-W0035,v_shape,M
V19-W0240,upward,H
V19-W0072,downward,H
V19-W0032,upward,H
V19-W0238,upward,H
V19-W0055,quiet,H
V19-W0024,inverted_v,M
V19-W0136,downward,M
V19-W0001,downward,M
V19-W0298,upward,H
V19-W0028,downward,H
V19-W0169,low_state,M
V19-W0083,quiet,M
V19-W0295,downward,H
V19-W0268,upward,M
V19-W0218,v_shape,H
V19-W0152,inverted_v,H
V19-W0258,quiet,H
