group,representation,block_days,pairs,calendar_blocks,occupied_blocks,nmi,ari,nmi_low,nmi_high,ari_low,ari_high,delta_nmi_vs_raw_low,delta_nmi_vs_raw_high,defined_resamples
hill,raw25,3,243684,26,26,0.6006059964610503,0.621500189412288,0.5887793922547092,0.6283161559047935,0.6060363540205328,0.6541371274037174,0.0,0.0,2000
hill,statistics9,3,243684,26,26,0.47384465426246897,0.45275307279310767,0.4666230996624889,0.5179873023047182,0.44622425273886834,0.4998256598293943,-0.14756366928929865,-0.08912935533653848,2000
hill,raw_pca6,3,243684,26,26,0.5969870740400625,0.6175584669920114,0.5846720629764708,0.6254965515075508,0.6012694641293865,0.6506558256983185,-0.005439964442562719,-0.001970208869628068,2000
hill,gaf_pca6,3,243684,26,26,0.2717116452013302,0.24165806026368897,0.2696662008496426,0.3095820200679574,0.2372657628575005,0.2810639403876743,-0.342747754102458,-0.29335469724982277,2000
hill,gaf_signed_pca6,3,243684,26,26,0.27561307168203436,0.24512259265978456,0.27430942751320136,0.31129485832373555,0.24139838300676267,0.2839652927535649,-0.33749236079754374,-0.29181536753918824,2000
hill,event_row_permutation,3,243684,26,26,0.023955025303334307,-0.006966034060274746,0.026803109028919758,0.06697460042646879,0.00090927366526474,0.04285054333400253,-0.5853626955439891,-0.5386053954104018,2000
hill,within_event_time_permutation,3,243684,26,26,0.48910572283621817,0.5938080913477679,0.4794262230358371,0.5361733676568359,0.5793039192846112,0.651203260804166,-0.12114532625774933,-0.08365805989551205,2000
hill,covariate_conditional_row_permutation,3,243684,26,26,0.48933771202161447,0.5312689159577967,0.4761834716811254,0.521485864667021,0.5189514856146967,0.579410618114263,-0.13054977404360948,-0.08969508623451382,2000
hill,raw25,7,243684,12,12,0.6006059964610503,0.621500189412288,0.5918548909844229,0.6298374785262737,0.6166010480274452,0.6484738026513903,0.0,0.0,2000
hill,statistics9,7,243684,12,12,0.47384465426246897,0.45275307279310767,0.4707320425297124,0.5201960104997501,0.4473895414278921,0.5047643130048812,-0.1393648900695419,-0.09176514157789188,2000
hill,raw_pca6,7,243684,12,12,0.5969870740400625,0.6175584669920114,0.5880226585031019,0.6268274931119531,0.6126290139834845,0.6441049833110881,-0.005376728435014322,-0.002090822794944822,2000
hill,gaf_pca6,7,243684,12,12,0.2717116452013302,0.24165806026368897,0.2699700653207233,0.31153337594131564,0.23955292334984757,0.2804442682373073,-0.34330509472298,-0.29604209922148883,2000
hill,gaf_signed_pca6,7,243684,12,12,0.27561307168203436,0.24512259265978456,0.27356938083577587,0.31393227683427105,0.2426454571167786,0.2832046165488603,-0.340322503273111,-0.29421335473757215,2000
hill,event_row_permutation,7,243684,12,12,0.023955025303334307,-0.006966034060274746,0.026902210036199962,0.07430759606162422,-0.0022902097465287126,0.04874145744512304,-0.583519791368659,-0.5404454138172394,2000
hill,within_event_time_permutation,7,243684,12,12,0.48910572283621817,0.5938080913477679,0.48067552910169536,0.5374349727813675,0.588778658641145,0.6440687971466053,-0.11707451921723173,-0.08803276961641303,2000
hill,covariate_conditional_row_permutation,7,243684,12,12,0.48933771202161447,0.5312689159577967,0.4828290957769403,0.5183533397318947,0.5306835614064519,0.5686880223102972,-0.1262696123760294,-0.09750698497909555,2000
hill,raw25,14,243684,6,6,0.6006059964610503,0.621500189412288,0.590919698167946,0.6385126458169524,0.6115347704861952,0.651864605622423,0.0,0.0,2000
hill,statistics9,14,243684,6,6,0.47384465426246897,0.45275307279310767,0.4716282058141037,0.5174715737140605,0.44835607277416145,0.5024631082142005,-0.13611346182787337,-0.09727836699886305,2000
hill,raw_pca6,14,243684,6,6,0.5969870740400625,0.6175584669920114,0.5857531373150542,0.6355216076827431,0.6066349138696624,0.6481997224393294,-0.006421862149327828,-0.001966894026575461,2000
hill,gaf_pca6,14,243684,6,6,0.2717116452013302,0.24165806026368897,0.2704359852266728,0.31090080322062186,0.2397563962203875,0.2786868887799899,-0.3484279777562977,-0.29405802379233326,2000
hill,gaf_signed_pca6,14,243684,6,6,0.27561307168203436,0.24512259265978456,0.27561307168203436,0.3113127880240456,0.24401955981715057,0.28071138648804916,-0.346039511859989,-0.29256031610547134,2000
hill,event_row_permutation,14,243684,6,6,0.023955025303334307,-0.006966034060274746,0.02468102133168569,0.07461114749460582,-0.0037983684379866373,0.04888333033072812,-0.5839985294342981,-0.5380679191592417,2000
hill,within_event_time_permutation,14,243684,6,6,0.48910572283621817,0.5938080913477679,0.4783291570672714,0.5407066215375176,0.585582177523417,0.6469541277421232,-0.11649580643337465,-0.0890723246747776,2000
hill,covariate_conditional_row_permutation,14,243684,6,6,0.48933771202161447,0.5312689159577967,0.48023119989929375,0.5282647007112741,0.5270846818383386,0.5694714380040279,-0.12186263270441065,-0.0993126092405241,2000
lahaute,raw25,3,34042,50,45,0.6976846098560997,0.6874948090904582,0.6900460032931618,0.7415133651093151,0.6759865355239673,0.7402743578137914,0.0,0.0,2000
lahaute,statistics9,3,34042,50,45,0.4753761647096904,0.5168938417570396,0.4501762043211513,0.5357868883966576,0.4894322128771235,0.5835550902192845,-0.2719715467204244,-0.17355764870700388,2000
lahaute,raw_pca6,3,34042,50,45,0.6962705062290211,0.685948899633453,0.6885286752125389,0.7401943071487181,0.6756244971303428,0.7390276541135395,-0.003419508603880239,0.0007531808917684721,2000
lahaute,gaf_pca6,3,34042,50,45,0.3005259989078976,0.2375134021183311,0.29121066300576604,0.361403048783506,0.23858034009734846,0.3041632194234392,-0.4351743371789745,-0.3416569495469706,2000
lahaute,gaf_signed_pca6,3,34042,50,45,0.28892630230933575,0.23406569946151756,0.28622276594966883,0.3544135793495154,0.23626952751293848,0.30113981298916614,-0.4378811908964874,-0.3509379306314166,2000
lahaute,event_row_permutation,3,34042,50,45,0.06710845548540978,0.022636856837335385,0.07165147129137435,0.12140633287235361,0.026195907214668964,0.07948366917108785,-0.6476653954000915,-0.5898704947757533,2000
lahaute,within_event_time_permutation,3,34042,50,45,0.6005671178805436,0.6603158754751492,0.5993836287877675,0.6695936757385489,0.6487144212382219,0.7399397336656389,-0.10413737306036278,-0.05375078555461981,2000
lahaute,covariate_conditional_row_permutation,3,34042,50,45,0.6255566873538116,0.634700682392596,0.6233449182361316,0.6760609368663832,0.6245115186920916,0.6997134301171595,-0.08704098315838223,-0.04321943213029815,2000
lahaute,raw25,7,34042,22,21,0.6976846098560997,0.6874948090904582,0.6908653667216571,0.7440223393088017,0.6774908270600816,0.7453522349254416,0.0,0.0,2000
lahaute,statistics9,7,34042,22,21,0.4753761647096904,0.5168938417570396,0.45413961927308455,0.5335732447559801,0.49609948224174727,0.5762325954792986,-0.26633817573645563,-0.17988991042787106,2000
lahaute,raw_pca6,7,34042,22,21,0.6962705062290211,0.685948899633453,0.6900818132287071,0.7420471985488682,0.6771067885111323,0.7429314237521332,-0.003490164750005578,0.0009333590862516384,2000
lahaute,gaf_pca6,7,34042,22,21,0.3005259989078976,0.2375134021183311,0.2897918175538356,0.3639125942685775,0.23882071558687742,0.30987090328029965,-0.43403773073241736,-0.34745910887025183,2000
lahaute,gaf_signed_pca6,7,34042,22,21,0.28892630230933575,0.23406569946151756,0.28305879142377216,0.3601165462161751,0.2331337567832191,0.30914057388945987,-0.4379605074027693,-0.3534687507280284,2000
lahaute,event_row_permutation,7,34042,22,21,0.06710845548540978,0.022636856837335385,0.06980810916580464,0.12765804224820837,0.02474402874836697,0.0826914684553016,-0.6446997012957902,-0.5938815296995689,2000
lahaute,within_event_time_permutation,7,34042,22,21,0.6005671178805436,0.6603158754751492,0.6002306141147554,0.6699015695932304,0.6514068713524759,0.739711776783189,-0.09989421545590654,-0.05920902640800658,2000
lahaute,covariate_conditional_row_permutation,7,34042,22,21,0.6255566873538116,0.634700682392596,0.6258854566549763,0.675956930466351,0.6289411917194686,0.6992972599449957,-0.08459768841938753,-0.04785027725881598,2000
lahaute,raw25,14,34042,12,12,0.6976846098560997,0.6874948090904582,0.6956336584020748,0.7481086246198148,0.6829401551810258,0.7399592429417537,0.0,0.0,2000
lahaute,statistics9,14,34042,12,12,0.4753761647096904,0.5168938417570396,0.45668171457467355,0.5286137064639949,0.5027237384886891,0.5664683420402563,-0.2665794844939201,-0.18975372787900444,2000
lahaute,raw_pca6,14,34042,12,12,0.6962705062290211,0.685948899633453,0.695176835957518,0.7455440589377338,0.6826845052911212,0.7378169284474584,-0.003819701390194677,0.0010391526088413359,2000
lahaute,gaf_pca6,14,34042,12,12,0.3005259989078976,0.2375134021183311,0.2839805457882227,0.3764960795863641,0.23060961552012446,0.31606612290262504,-0.43569135198249176,-0.34734627479421387,2000
lahaute,gaf_signed_pca6,14,34042,12,12,0.28892630230933575,0.23406569946151756,0.2757086052703613,0.3747569080847348,0.22541899390354178,0.31795575615246535,-0.4394352043873852,-0.3495459392823991,2000
lahaute,event_row_permutation,14,34042,12,12,0.06710845548540978,0.022636856837335385,0.06314409254713646,0.13928675192173248,0.020038834962281635,0.08983922401563842,-0.6423299675061992,-0.593523239636575,2000
lahaute,within_event_time_permutation,14,34042,12,12,0.6005671178805436,0.6603158754751492,0.6052578761594879,0.6723834194237505,0.6592168811445902,0.7314194926963028,-0.09789810806274271,-0.059082405508048365,2000
lahaute,covariate_conditional_row_permutation,14,34042,12,12,0.6255566873538116,0.634700682392596,0.6277297324874552,0.6745702087118705,0.6321823635257429,0.690134226128785,-0.08889608223288097,-0.05114969225694202,2000
pizhou,raw25,3,274570,35,34,0.6425246622473616,0.6643382288025745,0.633359792642469,0.6755756908303241,0.6469268673363509,0.6973953950690058,0.0,0.0,2000
pizhou,statistics9,3,274570,35,34,0.5182610316173735,0.49967303490197035,0.5064841216143177,0.5476018208908258,0.489017698951291,0.5374851560119916,-0.15262588874915345,-0.09945974110658204,2000
pizhou,raw_pca6,3,274570,35,34,0.6389474849159917,0.6599725295010557,0.6295251487160364,0.6722902187514713,0.6420953514931252,0.6930272071365583,-0.005024812807024842,-0.0021459963082455357,2000
pizhou,gaf_pca6,3,274570,35,34,0.27341214950992393,0.2517879122066497,0.26627740038636566,0.3124406663847059,0.24154124106139302,0.28639940050433144,-0.3871870403598187,-0.34547427462647107,2000
pizhou,gaf_signed_pca6,3,274570,35,34,0.2750306085763029,0.2551471276710633,0.26757347094261946,0.31449880157624865,0.24501783982559827,0.28955633597674896,-0.3856357268003677,-0.3441255491465319,2000
pizhou,event_row_permutation,3,274570,35,34,0.05466566225156875,0.025000039128631572,0.04391224845740919,0.08404699746938833,0.013664504400553399,0.05778826033143877,-0.6110734293789574,-0.5721652066998509,2000
pizhou,within_event_time_permutation,3,274570,35,34,0.5321589711596865,0.6443451177731495,0.5212272695962161,0.5710980524182182,0.6125284220795052,0.6828374478597161,-0.12549492016331346,-0.09328244980887933,2000
pizhou,covariate_conditional_row_permutation,3,274570,35,34,0.5433213701707118,0.5825301433084837,0.5367158094006799,0.5725218992706783,0.5755097171298198,0.6126314822934039,-0.11927173642334392,-0.08087648865845586,2000
pizhou,raw25,7,274570,16,16,0.6425246622473616,0.6643382288025745,0.6308366103336495,0.6756057689405421,0.6438281366537838,0.6965308256654095,0.0,0.0,2000
pizhou,statistics9,7,274570,16,16,0.5182610316173735,0.49967303490197035,0.5083128921881257,0.5439051824357747,0.4907016303960039,0.5356506435960652,-0.15315219353188309,-0.1026416126929331,2000
pizhou,raw_pca6,7,274570,16,16,0.6389474849159917,0.6599725295010557,0.6270116429316996,0.6718330549177436,0.6398427921816525,0.691349154222991,-0.005024611157743683,-0.002272385621356136,2000
pizhou,gaf_pca6,7,274570,16,16,0.27341214950992393,0.2517879122066497,0.26899325805278856,0.31187743214626734,0.24385860768151646,0.2859762936845187,-0.3837875214949268,-0.3476424331859521,2000
pizhou,gaf_signed_pca6,7,274570,16,16,0.2750306085763029,0.2551471276710633,0.2699556225506189,0.31369464927989177,0.24730382068533302,0.2890764387719908,-0.38200953680559474,-0.346154450726264,2000
pizhou,event_row_permutation,7,274570,16,16,0.05466566225156875,0.025000039128631572,0.045556866985689976,0.08364236017052953,0.015518693977907495,0.05857692029373784,-0.6099647171771332,-0.5722253366125952,2000
pizhou,within_event_time_permutation,7,274570,16,16,0.5321589711596865,0.6443451177731495,0.5255872074946922,0.5679647611659256,0.6114909297309927,0.6792313497677116,-0.12259950699752364,-0.09595109650398105,2000
pizhou,covariate_conditional_row_permutation,7,274570,16,16,0.5433213701707118,0.5825301433084837,0.538932835171907,0.573803296345543,0.5752118967902445,0.6139123078344978,-0.12102408726837535,-0.07882859605066168,2000
pizhou,raw25,14,274570,9,9,0.6425246622473616,0.6643382288025745,0.635845914748537,0.66653174723113,0.638101689918067,0.692806914599951,0.0,0.0,2000
pizhou,statistics9,14,274570,9,9,0.5182610316173735,0.49967303490197035,0.509013116542456,0.5423100900158285,0.49094069953695535,0.5344080964860982,-0.1505538135848399,-0.10325812677694525,2000
pizhou,raw_pca6,14,274570,9,9,0.6389474849159917,0.6599725295010557,0.6324739447919112,0.6630265691335133,0.6351668568141173,0.6876623390166794,-0.004334903162371137,-0.0022666435793217785,2000
pizhou,gaf_pca6,14,274570,9,9,0.27341214950992393,0.2517879122066497,0.2695975276054159,0.3113395582916059,0.24388522443916713,0.28283432872050146,-0.38196427235862906,-0.34628523272231226,2000
pizhou,gaf_signed_pca6,14,274570,9,9,0.2750306085763029,0.2551471276710633,0.27052998477400464,0.3133724409938802,0.2471959531136622,0.28588648416119694,-0.38092830214964674,-0.3442196192794044,2000
pizhou,event_row_permutation,14,274570,9,9,0.05466566225156875,0.025000039128631572,0.052495012650657986,0.07963670223551052,0.018839211207788004,0.05275973201301642,-0.6039223118124193,-0.573482349398434,2000
pizhou,within_event_time_permutation,14,274570,9,9,0.5321589711596865,0.6443451177731495,0.5253239343811613,0.5637762159017257,0.6074129133128222,0.6805269829029128,-0.11916300139544901,-0.09639280454018143,2000
pizhou,covariate_conditional_row_permutation,14,274570,9,9,0.5433213701707118,0.5825301433084837,0.5369117785846443,0.5704190072937093,0.5722885258266485,0.6111256421333986,-0.11992723968941985,-0.07794489568284031,2000
suining,raw25,3,102248,24,24,0.6147559961756034,0.6300977146136341,0.6147768733503906,0.6635733267744884,0.6262090581307781,0.6812266687807391,0.0,0.0,2000
suining,statistics9,3,102248,24,24,0.526979149741847,0.5165716387766812,0.5152391986755693,0.5627697564934337,0.5029901417609908,0.5601618323675431,-0.125981705130884,-0.07525750835166267,2000
suining,raw_pca6,3,102248,24,24,0.613576704512943,0.6292400812225825,0.6141455707322548,0.662209967997036,0.6262057486713735,0.67917349320352,-0.00251477467988791,0.002023301221457454,2000
suining,gaf_pca6,3,102248,24,24,0.30125230228544425,0.25853665773016515,0.2974209041629414,0.3513328284323529,0.25434767615091736,0.3140698695847002,-0.34775398463856877,-0.28231156985105954,2000
suining,gaf_signed_pca6,3,102248,24,24,0.30187739530573127,0.26063921130561557,0.2980584542125617,0.3537182003678273,0.2569400559531988,0.31704500775662436,-0.346768567005027,-0.2808004193208342,2000
suining,event_row_permutation,3,102248,24,24,0.03691575603496478,-0.011066864907300166,0.04478754166840767,0.09038508655444928,-0.0014260010474783523,0.05149250873972826,-0.5938491043360005,-0.5478866043059402,2000
suining,within_event_time_permutation,3,102248,24,24,0.5133689875185957,0.611723096089793,0.5143302298068559,0.5690834713036482,0.6008281333424618,0.6648293339249542,-0.11132629454761778,-0.07961840494846072,2000
suining,covariate_conditional_row_permutation,3,102248,24,24,0.5179487509002271,0.5581925783323078,0.5200732053473514,0.5634637322090461,0.5546457427582198,0.6031550175360494,-0.11350140298786127,-0.07944159753619305,2000
suining,raw25,7,102248,11,11,0.6147559961756034,0.6300977146136341,0.6131516280920982,0.662900604327005,0.6278227473040471,0.6773165625870075,0.0,0.0,2000
suining,statistics9,7,102248,11,11,0.526979149741847,0.5165716387766812,0.521868323171135,0.5605142254581832,0.5091632107810756,0.5569363787432227,-0.1238455888067419,-0.07719251620766172,2000
suining,raw_pca6,7,102248,11,11,0.613576704512943,0.6292400812225825,0.6120074285387781,0.6625983295736985,0.6276607565106417,0.676913594513617,-0.002403194370869935,0.001197439705891705,2000
suining,gaf_pca6,7,102248,11,11,0.30125230228544425,0.25853665773016515,0.30204597655258264,0.3535467690561822,0.2552101747696232,0.3143361776838123,-0.3396198253075799,-0.28628646796973917,2000
suining,gaf_signed_pca6,7,102248,11,11,0.30187739530573127,0.26063921130561557,0.3033246710161259,0.3569433080545167,0.2585530908481821,0.3172358652544975,-0.33820805608420673,-0.28339333938532807,2000
suining,event_row_permutation,7,102248,11,11,0.03691575603496478,-0.011066864907300166,0.040963364284820454,0.0953906202492709,-0.002064372181716322,0.05404002056450193,-0.5893066814623225,-0.550822459725073,2000
suining,within_event_time_permutation,7,102248,11,11,0.5133689875185957,0.611723096089793,0.5090160899704729,0.575788163108539,0.6041973739838582,0.6654085965100953,-0.12346081594073788,-0.07906816125498449,2000
suining,covariate_conditional_row_permutation,7,102248,11,11,0.5179487509002271,0.5581925783323078,0.5167169562007756,0.5707334233835711,0.5558600762187775,0.6098945171612674,-0.11642676394053925,-0.07232313592652923,2000
suining,raw25,14,102248,6,6,0.6147559961756034,0.6300977146136341,0.6128076022613038,0.6710554627254917,0.6269127463505119,0.6862037793169309,0.0,0.0,2000
suining,statistics9,14,102248,6,6,0.526979149741847,0.5165716387766812,0.5265092644782763,0.5548374762348579,0.5137101958611067,0.550332741700803,-0.12487697103070927,-0.08190921801822171,2000
suining,raw_pca6,14,102248,6,6,0.613576704512943,0.6292400812225825,0.6114074892852839,0.6710073192646332,0.6260581214311901,0.6866703471517708,-0.0023733044837190853,0.0011423924424653897,2000
suining,gaf_pca6,14,102248,6,6,0.30125230228544425,0.25853665773016515,0.30125230228544425,0.37497564150734475,0.25745698549312235,0.32820998841434,-0.3338520433047124,-0.2853849317762517,2000
suining,gaf_signed_pca6,14,102248,6,6,0.30187739530573127,0.26063921130561557,0.30187739530573127,0.37780221726442803,0.2603100495125669,0.33044892051228286,-0.3335593607497533,-0.28272410840139334,2000
suining,event_row_permutation,14,102248,6,6,0.03691575603496478,-0.011066864907300166,0.03748794850924428,0.11699476757985272,-0.00817391558107926,0.06739686265616647,-0.5852079832759178,-0.5478921044069592,2000
suining,within_event_time_permutation,14,102248,6,6,0.5133689875185957,0.611723096089793,0.5108724361528454,0.5739845459616776,0.6068284479400238,0.6611015223160237,-0.12417483010592856,-0.08135404143744007,2000
suining,covariate_conditional_row_permutation,14,102248,6,6,0.5179487509002271,0.5581925783323078,0.5179487509002271,0.575014499141904,0.5536345847976225,0.6190443183419202,-0.11203026011242734,-0.09138851211456095,2000
yandun,raw25,3,811453,15,15,0.59010347851854,0.6255029137158772,0.5665518726875969,0.625378847407,0.6048368224838534,0.6617407176568376,0.0,0.0,2000
yandun,statistics9,3,811453,15,15,0.47307034470251624,0.4817403197344106,0.4522340282608253,0.501492583182368,0.4436999825295136,0.5323633011614421,-0.14069361595350546,-0.09465078259706172,2000
yandun,raw_pca6,3,811453,15,15,0.5881149375519549,0.6242514238973287,0.5639172157660918,0.623436191869691,0.603432945125215,0.660562439255748,-0.003038409743011644,-0.0010176480225578077,2000
yandun,gaf_pca6,3,811453,15,15,0.26873942299562503,0.2542564163281206,0.26159604315653706,0.2870456227791493,0.24683719265132456,0.2765388958629116,-0.3418414316222147,-0.2995252632050658,2000
yandun,gaf_signed_pca6,3,811453,15,15,0.27129014602452933,0.25873530907062087,0.26404938192262084,0.2903678159684857,0.25086956049529346,0.28268603543600423,-0.3384854743795157,-0.2962810615580717,2000
yandun,event_row_permutation,3,811453,15,15,0.02558834670667039,0.006144654657972991,0.021960325189973616,0.04076268886555469,0.003817009097587258,0.027136401980618265,-0.5923234533162003,-0.5342323490356229,2000
yandun,within_event_time_permutation,3,811453,15,15,0.43837171537719105,0.5803825656934011,0.4175636264727348,0.48040880621662113,0.5542245632815449,0.6232852845560412,-0.1577257621994312,-0.13767139613232168,2000
yandun,covariate_conditional_row_permutation,3,811453,15,15,0.41579064926246573,0.4768560470261849,0.4113072243155534,0.4445910729374357,0.4719409469872013,0.49984583145855854,-0.18820148943672751,-0.14915406030744854,2000
yandun,raw25,7,811453,7,7,0.59010347851854,0.6255029137158772,0.5740944602649795,0.6203982392878665,0.6120950306348836,0.6588675391397963,0.0,0.0,2000
yandun,statistics9,7,811453,7,7,0.47307034470251624,0.4817403197344106,0.46204480584562746,0.4985548369878715,0.4553520475899727,0.523524842559067,-0.14149873507198568,-0.09345077829789677,2000
yandun,raw_pca6,7,811453,7,7,0.5881149375519549,0.6242514238973287,0.5730029805073972,0.6170981039425784,0.6109122541918459,0.6569840562297342,-0.003227042033420857,-0.0007486939304715865,2000
yandun,gaf_pca6,7,811453,7,7,0.26873942299562503,0.2542564163281206,0.2647423003514845,0.2879957464984228,0.25025535076731054,0.2755398746010632,-0.33842884653691957,-0.3039554955214523,2000
yandun,gaf_signed_pca6,7,811453,7,7,0.27129014602452933,0.25873530907062087,0.26702342123346334,0.2919647768968697,0.25525016479229784,0.2823694248929205,-0.33500350373096105,-0.3014301094066246,2000
yandun,event_row_permutation,7,811453,7,7,0.02558834670667039,0.006144654657972991,0.018645457957700756,0.04389453159375987,0.002421645863086395,0.029982459709201097,-0.5853720035105782,-0.5430820356496113,2000
yandun,within_event_time_permutation,7,811453,7,7,0.43837171537719105,0.5803825656934011,0.42450307803950044,0.47337617593079884,0.5638817532496256,0.6154663997586906,-0.16028091315007795,-0.1373574666924773,2000
yandun,covariate_conditional_row_permutation,7,811453,7,7,0.41579064926246573,0.4768560470261849,0.4140815976068424,0.44697970951540994,0.4736975444674655,0.5020806562459209,-0.19189507665531313,-0.15055369940007554,2000
yandun,raw25,14,811453,4,4,0.59010347851854,0.6255029137158772,0.5758307702932135,0.6237346484270064,0.611869577245268,0.6611612992922491,0.0,0.0,2000
yandun,statistics9,14,811453,4,4,0.47307034470251624,0.4817403197344106,0.46385321319906614,0.5041946827433623,0.4576510488227669,0.5333380574175398,-0.14282409267104185,-0.0858744755919918,2000
yandun,raw_pca6,14,811453,4,4,0.5881149375519549,0.6242514238973287,0.5740667237366682,0.6213346435769767,0.6105586332798811,0.6599813187007183,-0.00303807563126679,-0.0010007640654312588,2000
yandun,gaf_pca6,14,811453,4,4,0.26873942299562503,0.2542564163281206,0.2682800869159178,0.28767971255247127,0.253734525142018,0.2697139081364241,-0.3355737400019838,-0.30234259470186753,2000
yandun,gaf_signed_pca6,14,811453,4,4,0.27129014602452933,0.25873530907062087,0.2705150068242777,0.2914375831335211,0.2582203526512714,0.2762541652580097,-0.331815869420934,-0.29784508618775185,2000
yandun,event_row_permutation,14,811453,4,4,0.02558834670667039,0.006144654657972991,0.02558834670667039,0.03983916686092341,0.006144654657972991,0.02293010378948535,-0.5861630954933503,-0.541690846398282,2000
yandun,within_event_time_permutation,14,811453,4,4,0.43837171537719105,0.5803825656934011,0.4320294235927458,0.47597235501548124,0.5737592046148002,0.6149071022598855,-0.15524950061629056,-0.12705727533785643,2000
yandun,covariate_conditional_row_permutation,14,811453,4,4,0.41579064926246573,0.4768560470261849,0.4127196348197755,0.44916843491844816,0.47485347091164365,0.507884493298652,-0.18558727153417987,-0.14688346210681302,2000
pizhou_seen,raw25,3,214524,35,34,0.6512547788689798,0.6735648067260539,0.6439662553602328,0.6837565982087442,0.6575915827962515,0.7037084752544579,0.0,0.0,2000
pizhou_seen,statistics9,3,214524,35,34,0.5135735452333592,0.4929593531080381,0.505136827902634,0.5527887524129143,0.4867676967607289,0.5430791543126685,-0.15927643933954821,-0.1072706204165801,2000
pizhou_seen,raw_pca6,3,214524,35,34,0.6477556182062351,0.6692459579070917,0.6401342944529426,0.6814302807177891,0.6535048515314302,0.7002036625684258,-0.005175225724355001,-0.0012981684987749215,2000
pizhou_seen,gaf_pca6,3,214524,35,34,0.2749482678231954,0.24785341779955025,0.2724870015833999,0.32340436445534,0.24402005275424685,0.2924358755187641,-0.38786597716138554,-0.34271806979671765,2000
pizhou_seen,gaf_signed_pca6,3,214524,35,34,0.2768905177186201,0.25059479110025495,0.2741359294224611,0.3258667994131321,0.24715590551485497,0.2951033641324063,-0.3863956968133193,-0.3406633039016235,2000
pizhou_seen,event_row_permutation,3,214524,35,34,0.047626486349004585,0.021759338706702668,0.0442817159287002,0.08916633609358406,0.016397310745642452,0.059679093728802084,-0.6172377402321068,-0.5718735430011752,2000
pizhou_seen,within_event_time_permutation,3,214524,35,34,0.5358683747512963,0.6477089664748592,0.5290164592840666,0.5785782247267607,0.6166184665760401,0.6870494719254858,-0.1231465701303235,-0.097380488148177,2000
pizhou_seen,covariate_conditional_row_permutation,3,214524,35,34,0.5492800228266825,0.5810361363567855,0.5408095656346062,0.5802783412604547,0.572169236171411,0.6191127217082137,-0.12118147010341525,-0.08433712119789029,2000
pizhou_seen,raw25,7,214524,16,16,0.6512547788689798,0.6735648067260539,0.6465075304427216,0.6829471373012729,0.6563968782251608,0.7008108686594857,0.0,0.0,2000
pizhou_seen,statistics9,7,214524,16,16,0.5135735452333592,0.4929593531080381,0.5075089696317383,0.5497310797839271,0.49017663756733487,0.5423969564701215,-0.1574912268373774,-0.11229280755975107,2000
pizhou_seen,raw_pca6,7,214524,16,16,0.6477556182062351,0.6692459579070917,0.6425986175280923,0.6796712398800058,0.6536453522258339,0.696087927355577,-0.005201827642229451,-0.001461979518174753,2000
pizhou_seen,gaf_pca6,7,214524,16,16,0.2749482678231954,0.24785341779955025,0.2744199675650655,0.3239762527458958,0.2455811684616702,0.29319972213983697,-0.3834732810438011,-0.34334387147801493,2000
pizhou_seen,gaf_signed_pca6,7,214524,16,16,0.2768905177186201,0.25059479110025495,0.2756536520458191,0.32627143969675626,0.24823191795981003,0.29545870605012364,-0.38191392897501986,-0.34061565533022736,2000
pizhou_seen,event_row_permutation,7,214524,16,16,0.047626486349004585,0.021759338706702668,0.04609997937601803,0.08962242712664724,0.017986448454621856,0.05896528572102672,-0.6166207661795376,-0.5741162890730019,2000
pizhou_seen,within_event_time_permutation,7,214524,16,16,0.5358683747512963,0.6477089664748592,0.5331664053016109,0.5749689584754653,0.6176691973656494,0.6833328198927959,-0.12176226237298825,-0.09743545310824872,2000
pizhou_seen,covariate_conditional_row_permutation,7,214524,16,16,0.5492800228266825,0.5810361363567855,0.5453499745344703,0.5792850557086952,0.5733041696977837,0.6166247950068567,-0.12083811896517994,-0.08491345377772742,2000
pizhou_seen,raw25,14,214524,9,9,0.6512547788689798,0.6735648067260539,0.6506072287159348,0.6771450895765596,0.6551137581869135,0.6983847756355162,0.0,0.0,2000
pizhou_seen,statistics9,14,214524,9,9,0.5135735452333592,0.4929593531080381,0.5089060675277816,0.54792157260568,0.48891919520082144,0.5402857136430854,-0.15508847870430081,-0.11522637992770123,2000
pizhou_seen,raw_pca6,14,214524,9,9,0.6477556182062351,0.6692459579070917,0.6470413025668124,0.6751499352283138,0.652771421559973,0.6940635193265144,-0.004507784099439383,-0.0015746927548455224,2000
pizhou_seen,gaf_pca6,14,214524,9,9,0.2749482678231954,0.24785341779955025,0.2708466535851264,0.3211235018698364,0.24287113897060542,0.28882136820189414,-0.385225598248743,-0.34496560152545747,2000
pizhou_seen,gaf_signed_pca6,14,214524,9,9,0.2768905177186201,0.25059479110025495,0.27224115082056455,0.3246783898447258,0.24606941828002707,0.29094401570406614,-0.38364121727459727,-0.3426429097001291,2000
pizhou_seen,event_row_permutation,14,214524,9,9,0.047626486349004585,0.021759338706702668,0.04760156649541433,0.08664252179722226,0.017361469501369176,0.05718961147465986,-0.6122590999312008,-0.5759133863722863,2000
pizhou_seen,within_event_time_permutation,14,214524,9,9,0.5358683747512963,0.6477089664748592,0.533756463793073,0.5694057900662268,0.6149482427951458,0.6839652058578494,-0.12213832030647104,-0.09752196279838286,2000
pizhou_seen,covariate_conditional_row_permutation,14,214524,9,9,0.5492800228266825,0.5810361363567855,0.5455399890987178,0.5776867907595219,0.5710347127619202,0.6119390024287095,-0.12118019479373282,-0.08348245132824701,2000
pizhou_unseen,raw25,3,60046,35,34,0.6817104513080262,0.6836589004863767,0.6723510983912886,0.7246404199660069,0.6679938332645678,0.7277992779939959,0.0,0.0,2000
pizhou_unseen,statistics9,3,60046,35,34,0.5368002405810378,0.5091762163435732,0.5228237336433351,0.5798226317402971,0.4937325117433789,0.560650530381619,-0.17662043431333949,-0.11748727598496533,2000
pizhou_unseen,raw_pca6,3,60046,35,34,0.6769297476332554,0.6788300999143878,0.66810003612416,0.7198419763400447,0.66353692714096,0.7230726837599952,-0.008255891212044602,-0.0012314241627475425,2000
pizhou_unseen,gaf_pca6,3,60046,35,34,0.31280761646572314,0.2680367942394844,0.30545355053854784,0.3781097378868202,0.2567036517302211,0.3233426596418397,-0.3929401182449049,-0.31638309279352167,2000
pizhou_unseen,gaf_signed_pca6,3,60046,35,34,0.3157571924391848,0.2735806264960654,0.30814941725082906,0.38124971659987433,0.2636238066836775,0.3278086983590529,-0.38878660246747543,-0.3143364092985767,2000
pizhou_unseen,event_row_permutation,3,60046,35,34,0.10153908021294468,0.051327963807290815,0.08770408834926012,0.15077632699408627,0.03745885844141956,0.09015718746382345,-0.610531689973387,-0.5490557909174072,2000
pizhou_unseen,within_event_time_permutation,3,60046,35,34,0.5715444469994041,0.6514511402010892,0.56312603403612,0.6197218330844819,0.6244747869367085,0.6992833041175653,-0.12122474159937473,-0.09140863141643073,2000
pizhou_unseen,covariate_conditional_row_permutation,3,60046,35,34,0.6009113618922565,0.6269839464995245,0.5900366913390415,0.641222535012871,0.6133276272997149,0.6645791373509986,-0.10440699765231551,-0.061715100228118144,2000
pizhou_unseen,raw25,7,60046,16,16,0.6817104513080262,0.6836589004863767,0.673817411081208,0.7282901221160375,0.6704055305788577,0.7301910882687309,0.0,0.0,2000
pizhou_unseen,statistics9,7,60046,16,16,0.5368002405810378,0.5091762163435732,0.5239623419474776,0.5740646070419329,0.4908493009270126,0.555119067152967,-0.17718948960925734,-0.12549709065775255,2000
pizhou_unseen,raw_pca6,7,60046,16,16,0.6769297476332554,0.6788300999143878,0.6685297521088697,0.7232880273609538,0.6648531641435467,0.7264415297873125,-0.008618203635360403,-0.0014103122196615359,2000
pizhou_unseen,gaf_pca6,7,60046,16,16,0.31280761646572314,0.2680367942394844,0.30337721618934077,0.3833967556220724,0.25623171213608864,0.32834957139031895,-0.39408965950543756,-0.3148222796048272,2000
pizhou_unseen,gaf_signed_pca6,7,60046,16,16,0.3157571924391848,0.2735806264960654,0.3063247134658598,0.3875817290398224,0.2642597107866548,0.33331222089132684,-0.389904692174706,-0.3113825376243521,2000
pizhou_unseen,event_row_permutation,7,60046,16,16,0.10153908021294468,0.051327963807290815,0.08650268825216315,0.15368409353025858,0.038542948159648226,0.09343916058999008,-0.6091505480966676,-0.5522044738132186,2000
pizhou_unseen,within_event_time_permutation,7,60046,16,16,0.5715444469994041,0.6514511402010892,0.563760134357827,0.623199362107809,0.6282895632310183,0.6973743488454859,-0.12101807036544941,-0.08923501449474634,2000
pizhou_unseen,covariate_conditional_row_permutation,7,60046,16,16,0.6009113618922565,0.6269839464995245,0.5910754181577436,0.6439729143974383,0.6155038780896891,0.6648693091889261,-0.10584148189867637,-0.060206747699087806,2000
pizhou_unseen,raw25,14,60046,9,9,0.6817104513080262,0.6836589004863767,0.6759374741452504,0.7231970916742632,0.6658444718650106,0.7305991804337238,0.0,0.0,2000
pizhou_unseen,statistics9,14,60046,9,9,0.5368002405810378,0.5091762163435732,0.5207360506140202,0.5863951295653397,0.488939676376826,0.5678132320105054,-0.17554914222453583,-0.11897221196680834,2000
pizhou_unseen,raw_pca6,14,60046,9,9,0.6769297476332554,0.6788300999143878,0.6704796765129515,0.7206142740838967,0.6594267590273631,0.7260299906208566,-0.008522352614018855,-0.001506255033193793,2000
pizhou_unseen,gaf_pca6,14,60046,9,9,0.31280761646572314,0.2680367942394844,0.30328534398736656,0.39737831886609637,0.25634187215258464,0.33351232285154636,-0.3908819263518646,-0.3048881797703566,2000
pizhou_unseen,gaf_signed_pca6,14,60046,9,9,0.3157571924391848,0.2735806264960654,0.30638732621381193,0.3990493177068362,0.26245576325251296,0.33804609756443027,-0.3884683666708317,-0.30266816071381525,2000
pizhou_unseen,event_row_permutation,14,60046,9,9,0.10153908021294468,0.051327963807290815,0.0878412157889992,0.17537802239812536,0.037629187948580174,0.09897970094436018,-0.605197845829303,-0.5379865001622954,2000
pizhou_unseen,within_event_time_permutation,14,60046,9,9,0.5715444469994041,0.6514511402010892,0.5636281808125368,0.6255234634633958,0.6183839455998464,0.7024496357566383,-0.12004104160147529,-0.08400928443281251,2000
pizhou_unseen,covariate_conditional_row_permutation,14,60046,9,9,0.6009113618922565,0.6269839464995245,0.591107035336757,0.6517013032950403,0.6115603787527647,0.668210237867033,-0.10490688033948226,-0.05401075702478565,2000
