site,model,price_case,tail_premium,storage_fraction,duration_h,mean_difference,sd_difference,seeds,better_seeds,better_fraction
pizhou,tcn,base,0.0,0.0,0.0,4531.940172168688,3322.1071360025903,3,0,0.0
pizhou,tcn,base,0.0,0.05,1.0,4924.79523574535,3410.973898225132,3,0,0.0
pizhou,tcn,base,0.0,0.05,2.0,5173.667656256672,3573.708642205232,3,0,0.0
pizhou,tcn,base,0.0,0.05,4.0,5432.914508347447,3717.6747714410003,3,0,0.0
pizhou,tcn,base,0.0,0.1,1.0,5263.231162055089,3544.7456658907404,3,0,0.0
pizhou,tcn,base,0.0,0.1,2.0,5720.735931934675,3761.026862518784,3,0,0.0
pizhou,tcn,base,0.0,0.1,4.0,5921.029670591165,3953.8878890624283,3,0,0.0
pizhou,tcn,base,0.0,0.2,1.0,5852.268009253782,3711.583698776157,3,0,0.0
pizhou,tcn,base,0.0,0.2,2.0,6341.959828344962,3902.467138420539,3,0,0.0
pizhou,tcn,base,0.0,0.2,4.0,6253.185288366473,4087.51388911959,3,0,0.0
pizhou,tcn,base,1000.0,0.0,0.0,3658.8721654178394,2150.603154879567,3,0,0.0
pizhou,tcn,base,1000.0,0.05,1.0,4142.9362686797585,2082.1750986503175,3,0,0.0
pizhou,tcn,base,1000.0,0.05,2.0,4492.525641101117,2255.826338872552,3,0,0.0
pizhou,tcn,base,1000.0,0.05,4.0,4933.619386911031,2469.915775579571,3,0,0.0
pizhou,tcn,base,1000.0,0.1,1.0,4570.269724212037,2163.3943503336163,3,0,0.0
pizhou,tcn,base,1000.0,0.1,2.0,5534.231137625325,2559.4117106350895,3,0,0.0
pizhou,tcn,base,1000.0,0.1,4.0,5763.37384024853,2779.557239621561,3,0,0.0
pizhou,tcn,base,1000.0,0.2,1.0,5637.193239865393,1997.465369535085,3,0,0.0
pizhou,tcn,base,1000.0,0.2,2.0,7140.601409452742,2726.026047757501,3,0,0.0
pizhou,tcn,base,1000.0,0.2,4.0,6837.113824891047,2983.4578540816074,3,0,0.0
pizhou,tcn,base,5000.0,0.0,0.0,166.60013841444743,2730.4180723160166,3,2,0.6666666666666666
pizhou,tcn,base,5000.0,0.05,1.0,1015.500400417363,3461.2083838418544,3,2,0.6666666666666666
pizhou,tcn,base,5000.0,0.05,2.0,2157.6558871992697,2768.871197504523,3,0,0.0
pizhou,tcn,base,5000.0,0.05,4.0,2630.9576490515997,3074.6555465937395,3,0,0.0
pizhou,tcn,base,5000.0,0.1,1.0,1798.423972839829,3430.3981230646827,3,2,0.6666666666666666
pizhou,tcn,base,5000.0,0.1,2.0,4605.4450312418485,2936.932187640858,3,0,0.0
pizhou,tcn,base,5000.0,0.1,4.0,4885.585062101571,2774.131407194162,3,0,0.0
pizhou,tcn,base,5000.0,0.2,1.0,5251.352564393572,4400.779508724495,3,0,0.0
pizhou,tcn,base,5000.0,0.2,2.0,10101.88150262218,3123.2757628072573,3,0,0.0
pizhou,tcn,base,5000.0,0.2,4.0,8864.186075785843,2517.9713473786796,3,0,0.0
pizhou,tcn,high,0.0,0.0,0.0,9063.880344337376,6644.2142720051825,3,0,0.0
pizhou,tcn,high,0.0,0.05,1.0,9911.131637336659,6829.957200909266,3,0,0.0
pizhou,tcn,high,0.0,0.05,2.0,10440.62176053968,7172.686321182035,3,0,0.0
pizhou,tcn,high,0.0,0.05,4.0,10985.234054604067,7470.996510731036,3,0,0.0
pizhou,tcn,high,0.0,0.1,1.0,10634.340328722321,7109.341664022723,3,0,0.0
pizhou,tcn,high,0.0,0.1,2.0,11603.069298363276,7560.744216944436,3,0,0.0
pizhou,tcn,high,0.0,0.1,4.0,12016.522989812749,7960.543178306911,3,0,0.0
pizhou,tcn,high,0.0,0.2,1.0,11886.631958557695,7454.16755242279,3,0,0.0
pizhou,tcn,high,0.0,0.2,2.0,12922.383241197245,7848.820022629677,3,0,0.0
pizhou,tcn,high,0.0,0.2,4.0,12723.870022478526,8203.894001511284,3,0,0.0
pizhou,tcn,high,1000.0,0.0,0.0,8190.812337586535,5468.017436060513,3,0,0.0
pizhou,tcn,high,1000.0,0.05,1.0,9129.272670271073,5494.015472249453,3,0,0.0
pizhou,tcn,high,1000.0,0.05,2.0,9759.479745384111,5852.439363812475,3,0,0.0
pizhou,tcn,high,1000.0,0.05,4.0,10416.747573809718,6137.071416940831,3,0,0.0
pizhou,tcn,high,1000.0,0.1,1.0,9941.378890879265,5725.757164320732,3,0,0.0
pizhou,tcn,high,1000.0,0.1,2.0,11199.57545677953,6095.973338099921,3,0,0.0
pizhou,tcn,high,1000.0,0.1,4.0,11737.151132224712,6633.34316929815,3,0,0.0
pizhou,tcn,high,1000.0,0.2,1.0,11671.55718916931,5739.804600460396,3,0,0.0
pizhou,tcn,high,1000.0,0.2,2.0,13363.427938742612,6238.099750912704,3,0,0.0
pizhou,tcn,high,1000.0,0.2,4.0,13165.769063615538,6912.980406616762,3,0,0.0
pizhou,tcn,high,5000.0,0.0,0.0,4698.540310583155,1178.5740235965934,3,0,0.0
pizhou,tcn,high,5000.0,0.05,1.0,6001.836802008659,1081.405607644674,3,0,0.0
pizhou,tcn,high,5000.0,0.05,2.0,7302.312666920251,1307.5828635940165,3,0,0.0
pizhou,tcn,high,5000.0,0.05,4.0,8547.004217012616,1028.8181113928438,3,0,0.0
pizhou,tcn,high,5000.0,0.1,1.0,7169.533139507049,614.5429126326535,3,0,0.0
pizhou,tcn,high,5000.0,0.1,2.0,10096.214287751145,1151.8838930867666,3,0,0.0
pizhou,tcn,high,5000.0,0.1,4.0,11586.202298167706,2104.3215118109615,3,0,0.0
pizhou,tcn,high,5000.0,0.2,1.0,11563.73971498741,1179.431964499081,3,0,0.0
pizhou,tcn,high,5000.0,0.2,2.0,16052.715813986099,1295.8806760022824,3,0,0.0
pizhou,tcn,high,5000.0,0.2,4.0,14939.85024025071,1914.2147115523953,3,0,0.0
pizhou,tcn,low,0.0,0.0,0.0,2265.970086084344,1661.0535680012986,3,0,0.0
pizhou,tcn,low,0.0,0.05,1.0,2431.6270349496936,1701.484579473296,3,0,0.0
pizhou,tcn,low,0.0,0.05,2.0,2540.19060411517,1774.2259886670868,3,0,0.0
pizhou,tcn,low,0.0,0.05,4.0,2656.7547352191345,1841.0163467873979,3,0,0.0
pizhou,tcn,low,0.0,0.1,1.0,2577.6765787214767,1762.457060676718,3,0,0.0
pizhou,tcn,low,0.0,0.1,2.0,2779.569248720378,1861.1815226455635,3,0,0.0
pizhou,tcn,low,0.0,0.1,4.0,2873.283010980374,1950.5609149977213,3,0,0.0
pizhou,tcn,low,0.0,0.2,1.0,2835.086034601822,1840.306822326801,3,0,0.0
pizhou,tcn,low,0.0,0.2,2.0,3051.7481219188026,1929.2972284595864,3,0,0.0
pizhou,tcn,low,0.0,0.2,4.0,3017.842921310456,2029.4202666313925,3,0,0.0
pizhou,tcn,low,1000.0,0.0,0.0,1392.9020793334942,515.1023407494733,3,0,0.0
pizhou,tcn,low,1000.0,0.05,1.0,1649.7680678840989,422.101602997181,3,0,0.0
pizhou,tcn,low,1000.0,0.05,2.0,1909.804893962725,547.2503097125657,3,0,0.0
pizhou,tcn,low,1000.0,0.05,4.0,2162.4457440669307,541.2572965883504,3,0,0.0
pizhou,tcn,low,1000.0,0.1,1.0,1884.7151408784218,397.5634604124499,3,0,0.0
pizhou,tcn,low,1000.0,0.1,2.0,2473.2719347432662,531.7924468073718,3,0,0.0
pizhou,tcn,low,1000.0,0.1,4.0,2775.637997092376,744.9516121933129,3,0,0.0
pizhou,tcn,low,1000.0,0.2,1.0,2765.2789514109695,369.6719370328303,3,0,0.0
pizhou,tcn,low,1000.0,0.2,2.0,3674.410512510425,558.9058663151749,3,0,0.0
pizhou,tcn,low,1000.0,0.2,4.0,3671.5679870343374,865.0888219321685,3,0,0.0
pizhou,tcn,low,5000.0,0.0,0.0,-2099.3699476699016,4331.922526685566,3,2,0.6666666666666666
pizhou,tcn,low,5000.0,0.05,1.0,-1477.6678003782824,5113.933830838532,3,2,0.6666666666666666
pizhou,tcn,low,5000.0,0.05,2.0,-636.5186995861537,4697.574955066729,3,2,0.6666666666666666
pizhou,tcn,low,5000.0,0.05,4.0,-327.06563492891047,5098.543812436964,3,2,0.6666666666666666
pizhou,tcn,low,5000.0,0.1,1.0,-581.7370478387747,4917.194852426427,3,2,0.6666666666666666
pizhou,tcn,low,5000.0,0.1,2.0,1412.6897504208464,5022.810807616954,3,2,0.6666666666666666
pizhou,tcn,low,5000.0,0.1,4.0,1535.2764440685085,4951.629935074388,3,1,0.3333333333333333
pizhou,tcn,low,5000.0,0.2,1.0,2475.8385149375777,6133.5689346708705,3,1,0.3333333333333333
pizhou,tcn,low,5000.0,0.2,2.0,6443.757427066285,5310.1962329839125,3,0,0.0
pizhou,tcn,low,5000.0,0.2,4.0,5259.858687818724,4777.484780956843,3,0,0.0
pizhou,timesnet,base,0.0,0.0,0.0,2176.40231119986,1236.8281378250228,3,0,0.0
pizhou,timesnet,base,0.0,0.05,1.0,2454.3879984963983,978.670195403888,3,0,0.0
pizhou,timesnet,base,0.0,0.05,2.0,2531.0550576048954,860.3587438407643,3,0,0.0
pizhou,timesnet,base,0.0,0.05,4.0,2524.779800476396,786.8635185830699,3,0,0.0
pizhou,timesnet,base,0.0,0.1,1.0,2592.639873997888,825.6199196818942,3,0,0.0
pizhou,timesnet,base,0.0,0.1,2.0,2691.96404716233,601.1388007256184,3,0,0.0
pizhou,timesnet,base,0.0,0.1,4.0,2486.4443838339016,555.2281695606302,3,0,0.0
pizhou,timesnet,base,0.0,0.2,1.0,2745.774220906962,556.0690221966815,3,0,0.0
pizhou,timesnet,base,0.0,0.2,2.0,2697.871268055673,352.1162529401129,3,0,0.0
pizhou,timesnet,base,0.0,0.2,4.0,2219.4511653870723,334.6013696024032,3,0,0.0
pizhou,timesnet,base,1000.0,0.0,0.0,5030.044280428275,1651.6865012918151,3,0,0.0
pizhou,timesnet,base,1000.0,0.05,1.0,5161.278470138229,1206.1026201254272,3,0,0.0
pizhou,timesnet,base,1000.0,0.05,2.0,5290.45137975387,771.279513397404,3,0,0.0
pizhou,timesnet,base,1000.0,0.05,4.0,5090.472614260871,645.8804879852843,3,0,0.0
pizhou,timesnet,base,1000.0,0.1,1.0,5425.350977613595,887.6358395256125,3,0,0.0
pizhou,timesnet,base,1000.0,0.1,2.0,5564.278803354995,458.0663135431297,3,0,0.0
pizhou,timesnet,base,1000.0,0.1,4.0,4838.588437350892,594.4259236389809,3,0,0.0
pizhou,timesnet,base,1000.0,0.2,1.0,5584.890984932067,663.1436340192841,3,0,0.0
pizhou,timesnet,base,1000.0,0.2,2.0,5454.375438404863,819.0056185388581,3,0,0.0
pizhou,timesnet,base,1000.0,0.2,4.0,3865.340128510315,1004.4216997001953,3,0,0.0
pizhou,timesnet,base,5000.0,0.0,0.0,16444.612157341922,3359.7008013647073,3,0,0.0
pizhou,timesnet,base,5000.0,0.05,1.0,15988.840356705556,2192.6727156891784,3,0,0.0
pizhou,timesnet,base,5000.0,0.05,2.0,15893.911885541025,1299.5555549649741,3,0,0.0
pizhou,timesnet,base,5000.0,0.05,4.0,15353.243869398784,1234.3612397983386,3,0,0.0
pizhou,timesnet,base,5000.0,0.1,1.0,16756.195392076435,1399.7837533644793,3,0,0.0
pizhou,timesnet,base,5000.0,0.1,2.0,17053.537828125656,2084.962240776198,3,0,0.0
pizhou,timesnet,base,5000.0,0.1,4.0,14247.164651418876,3225.1707217361204,3,0,0.0
pizhou,timesnet,base,5000.0,0.2,1.0,16941.35804103247,2972.7759309000025,3,0,0.0
pizhou,timesnet,base,5000.0,0.2,2.0,16480.392119801632,4715.321498342416,3,0,0.0
pizhou,timesnet,base,5000.0,0.2,4.0,10448.89598100326,5421.345203797802,3,0,0.0
pizhou,timesnet,high,0.0,0.0,0.0,4352.804622399718,2473.6562756500466,3,0,0.0
pizhou,timesnet,high,0.0,0.05,1.0,4948.070792826661,1919.3916298661036,3,0,0.0
pizhou,timesnet,high,0.0,0.05,2.0,5104.948140282625,1663.877944129318,3,0,0.0
pizhou,timesnet,high,0.0,0.05,4.0,5091.419663875725,1506.4245447407704,3,0,0.0
pizhou,timesnet,high,0.0,0.1,1.0,5237.625303264234,1586.8752382452562,3,0,0.0
pizhou,timesnet,high,0.0,0.1,2.0,5448.840475464317,1107.1053505608556,3,0,0.0
pizhou,timesnet,high,0.0,0.1,4.0,5005.772110366667,1015.7379552621725,3,0,0.0
pizhou,timesnet,high,0.0,0.2,1.0,5558.05180266864,1003.9480889918634,3,0,0.0
pizhou,timesnet,high,0.0,0.2,2.0,5454.780501716504,593.4966909073139,3,0,0.0
pizhou,timesnet,high,0.0,0.2,4.0,4430.8616144603075,589.3359064651906,3,0,0.0
pizhou,timesnet,high,1000.0,0.0,0.0,7206.446591628129,2885.7084250718062,3,0,0.0
pizhou,timesnet,high,1000.0,0.05,1.0,7654.961264468482,2143.713007478708,3,0,0.0
pizhou,timesnet,high,1000.0,0.05,2.0,7864.344462431601,1562.646290584685,3,0,0.0
pizhou,timesnet,high,1000.0,0.05,4.0,7657.1124776602055,1344.3518315313727,3,0,0.0
pizhou,timesnet,high,1000.0,0.1,1.0,8070.336406879942,1643.0720317856678,3,0,0.0
pizhou,timesnet,high,1000.0,0.1,2.0,8321.155231656985,883.7479154749328,3,0,0.0
pizhou,timesnet,high,1000.0,0.1,4.0,7357.916163883662,885.2336996705283,3,0,0.0
pizhou,timesnet,high,1000.0,0.2,1.0,8397.168566693741,996.029510652241,3,0,0.0
pizhou,timesnet,high,1000.0,0.2,2.0,8211.284672065698,886.135952586894,3,0,0.0
pizhou,timesnet,high,1000.0,0.2,4.0,6076.7505775835525,1124.1599006875356,3,0,0.0
pizhou,timesnet,high,5000.0,0.0,0.0,18621.014468541794,4574.591505741913,3,0,0.0
pizhou,timesnet,high,5000.0,0.05,1.0,18482.52315103581,3099.491533980238,3,0,0.0
pizhou,timesnet,high,5000.0,0.05,2.0,18901.929751027517,1503.0509840014702,3,0,0.0
pizhou,timesnet,high,5000.0,0.05,4.0,17919.883732798127,1368.7972942488414,3,0,0.0
pizhou,timesnet,high,5000.0,0.1,1.0,19401.180821342758,2042.6054602863219,3,0,0.0
pizhou,timesnet,high,5000.0,0.1,2.0,19810.41425642765,1935.3909424115006,3,0,0.0
pizhou,timesnet,high,5000.0,0.1,4.0,16766.492377951636,3107.9619869119038,3,0,0.0
pizhou,timesnet,high,5000.0,0.2,1.0,19753.635622794132,2967.1833845101487,3,0,0.0
pizhou,timesnet,high,5000.0,0.2,2.0,19237.30135346246,4679.057659715384,3,0,0.0
pizhou,timesnet,high,5000.0,0.2,4.0,12660.306430076496,5451.9640075600255,3,0,0.0
pizhou,timesnet,low,0.0,0.0,0.0,1088.2011555999295,618.4140689125117,3,0,0.0
pizhou,timesnet,low,0.0,0.05,1.0,1207.5466013312678,508.3400963697371,3,0,0.0
pizhou,timesnet,low,0.0,0.05,2.0,1244.1085162660322,458.71830158573164,3,0,0.0
pizhou,timesnet,low,0.0,0.05,4.0,1241.4598687767248,427.36457784323704,3,0,0.0
pizhou,timesnet,low,0.0,0.1,1.0,1270.1471593647154,445.4165407172185,3,0,0.0
pizhou,timesnet,low,0.0,0.1,2.0,1313.5258330113356,349.38571128382773,3,0,0.0
pizhou,timesnet,low,0.0,0.1,4.0,1226.7805205675165,327.7886668611716,3,0,0.0
pizhou,timesnet,low,0.0,0.2,1.0,1339.6354300261228,334.0745937501317,3,0,0.0
pizhou,timesnet,low,0.0,0.2,2.0,1319.4166512252548,241.91001577710094,3,0,0.0
pizhou,timesnet,low,0.0,0.2,4.0,1113.7459408504558,225.12276391423612,3,0,0.0
pizhou,timesnet,low,1000.0,0.0,0.0,3941.8431248283464,1037.185505320056,3,0,0.0
pizhou,timesnet,low,1000.0,0.05,1.0,3914.437072973098,740.2846122355982,3,0,0.0
pizhou,timesnet,low,1000.0,0.05,2.0,4003.504838415002,394.6112662806325,3,0,0.0
pizhou,timesnet,low,1000.0,0.05,4.0,3807.1526825612113,332.6681909165768,3,0,0.0
pizhou,timesnet,low,1000.0,0.1,1.0,4102.858262980416,516.7332508717734,3,0,0.0
pizhou,timesnet,low,1000.0,0.1,2.0,4185.840589203999,342.1865713527312,3,0,0.0
pizhou,timesnet,low,1000.0,0.1,4.0,3578.924574084512,546.8854021795969,3,0,0.0
pizhou,timesnet,low,1000.0,0.2,1.0,4178.752194051221,561.5553460521517,3,0,0.0
pizhou,timesnet,low,1000.0,0.2,2.0,4075.920821574449,813.7552918286743,3,0,0.0
pizhou,timesnet,low,1000.0,0.2,4.0,2759.634903973694,968.4153212508076,3,0,0.0
pizhou,timesnet,low,5000.0,0.0,0.0,15356.411001741997,2759.57394749984,3,0,0.0
pizhou,timesnet,low,5000.0,0.05,1.0,14741.998959540395,1752.7251106501171,3,0,0.0
pizhou,timesnet,low,5000.0,0.05,2.0,14758.234927032076,1042.3875919944248,3,0,0.0
pizhou,timesnet,low,5000.0,0.05,4.0,13771.762753144101,1752.6011465616677,3,0,0.0
pizhou,timesnet,low,5000.0,0.1,1.0,15433.702677443245,1134.893532027641,3,0,0.0
pizhou,timesnet,low,5000.0,0.1,2.0,15675.099613974648,2200.1345380390953,3,0,0.0
pizhou,timesnet,low,5000.0,0.1,4.0,12987.5007881525,3306.624433930087,3,0,0.0
pizhou,timesnet,low,5000.0,0.2,1.0,15393.739889508468,2772.528727353747,3,0,0.0
pizhou,timesnet,low,5000.0,0.2,2.0,15101.93750297121,4738.486656205768,3,0,0.0
pizhou,timesnet,low,5000.0,0.2,4.0,9343.190756466647,5411.184852469416,3,0,0.0
yandun,tcn,base,0.0,0.0,0.0,3977.543106023279,1128.8769869911798,3,0,0.0
yandun,tcn,base,0.0,0.05,1.0,4299.733898488926,1206.8901392221276,3,0,0.0
yandun,tcn,base,0.0,0.05,2.0,4485.459391724501,1223.557542029198,3,0,0.0
yandun,tcn,base,0.0,0.05,4.0,4527.527575346493,1271.5997917649386,3,0,0.0
yandun,tcn,base,0.0,0.1,1.0,4534.968427969164,1241.7370376946647,3,0,0.0
yandun,tcn,base,0.0,0.1,2.0,4715.06362449831,1277.148801972387,3,0,0.0
yandun,tcn,base,0.0,0.1,4.0,4838.150915771703,1381.0756996267369,3,0,0.0
yandun,tcn,base,0.0,0.2,1.0,4754.234972006039,1271.6545519580861,3,0,0.0
yandun,tcn,base,0.0,0.2,2.0,4900.935939058823,1349.0837647064095,3,0,0.0
yandun,tcn,base,0.0,0.2,4.0,5113.970405241013,1472.6403517723863,3,0,0.0
yandun,tcn,base,1000.0,0.0,0.0,3283.68805582037,1133.1246200627652,3,0,0.0
yandun,tcn,base,1000.0,0.05,1.0,3656.3359917263697,1183.217455773496,3,0,0.0
yandun,tcn,base,1000.0,0.05,2.0,3860.127497985404,1159.8309798001837,3,0,0.0
yandun,tcn,base,1000.0,0.05,4.0,3927.352286505806,1202.9876766958391,3,0,0.0
yandun,tcn,base,1000.0,0.1,1.0,3909.9177743551277,1193.066698311923,3,0,0.0
yandun,tcn,base,1000.0,0.1,2.0,4122.6633256476625,1221.7982511101914,3,0,0.0
yandun,tcn,base,1000.0,0.1,4.0,4315.066257278523,1332.6033932171438,3,0,0.0
yandun,tcn,base,1000.0,0.2,1.0,4193.52564806478,1192.5861304740206,3,0,0.0
yandun,tcn,base,1000.0,0.2,2.0,4319.8463816570065,1107.7211980426748,3,0,0.0
yandun,tcn,base,1000.0,0.2,4.0,4986.130735262496,1399.7139350962425,3,0,0.0
yandun,tcn,base,5000.0,0.0,0.0,508.26785500872455,1684.3567216689803,3,1,0.3333333333333333
yandun,tcn,base,5000.0,0.05,1.0,1082.744364676141,1659.1932573342224,3,1,0.3333333333333333
yandun,tcn,base,5000.0,0.05,2.0,1358.79992302902,1338.1729501113352,3,1,0.3333333333333333
yandun,tcn,base,5000.0,0.05,4.0,1526.6511311430513,1309.868043372085,3,0,0.0
yandun,tcn,base,5000.0,0.1,1.0,1409.7151598989997,1567.4977792770078,3,1,0.3333333333333333
yandun,tcn,base,5000.0,0.1,2.0,1753.0621302450697,1307.255503312869,3,0,0.0
yandun,tcn,base,5000.0,0.1,4.0,2222.7276233058133,1265.1125880130762,3,0,0.0
yandun,tcn,base,5000.0,0.2,1.0,1950.6883522997257,1397.4222611304451,3,0,0.0
yandun,tcn,base,5000.0,0.2,2.0,1995.488152049773,202.95587084488378,3,0,0.0
yandun,tcn,base,5000.0,0.2,4.0,4474.772055348431,1117.1839664319323,3,0,0.0
yandun,tcn,high,0.0,0.0,0.0,7955.08621204656,2257.7539739823583,3,0,0.0
yandun,tcn,high,0.0,0.05,1.0,8649.679349050422,2425.9382424385763,3,0,0.0
yandun,tcn,high,0.0,0.05,2.0,9050.074568233598,2461.870883046265,3,0,0.0
yandun,tcn,high,0.0,0.05,4.0,9140.767016042064,2565.4428380364357,3,0,0.0
yandun,tcn,high,0.0,0.1,1.0,9156.808334683137,2501.0748801875116,3,0,0.0
yandun,tcn,high,0.0,0.1,2.0,9545.065511616102,2577.4083187902875,3,0,0.0
yandun,tcn,high,0.0,0.1,4.0,9807.118765399295,2797.1433208221047,3,0,0.0
yandun,tcn,high,0.0,0.2,1.0,9629.512832217186,2565.567136388385,3,0,0.0
yandun,tcn,high,0.0,0.2,2.0,9939.631374730596,2726.3925398204365,3,0,0.0
yandun,tcn,high,0.0,0.2,4.0,10392.039105381646,2995.2889962040554,3,0,0.0
yandun,tcn,high,1000.0,0.0,0.0,7261.231161843657,2245.203027613805,3,0,0.0
yandun,tcn,high,1000.0,0.05,1.0,8006.281442287866,2385.708467234118,3,0,0.0
yandun,tcn,high,1000.0,0.05,2.0,8424.74267449451,2387.901131056375,3,0,0.0
yandun,tcn,high,1000.0,0.05,4.0,8540.591727201374,2488.0797914831564,3,0,0.0
yandun,tcn,high,1000.0,0.1,1.0,8531.757681069103,2437.044123625583,3,0,0.0
yandun,tcn,high,1000.0,0.1,2.0,8952.665212765454,2514.8238477124214,3,0,0.0
yandun,tcn,high,1000.0,0.1,4.0,9284.034106906112,2745.8096913547515,3,0,0.0
yandun,tcn,high,1000.0,0.2,1.0,9068.803508275925,2474.2037850457705,3,0,0.0
yandun,tcn,high,1000.0,0.2,2.0,9358.541817328784,2484.79817680402,3,0,0.0
yandun,tcn,high,1000.0,0.2,4.0,10264.199435403129,2922.201624181306,3,0,0.0
yandun,tcn,high,5000.0,0.0,0.0,4485.8109610320025,2515.854665476763,3,0,0.0
yandun,tcn,high,5000.0,0.05,1.0,5432.689815237635,2548.8347902940045,3,0,0.0
yandun,tcn,high,5000.0,0.05,2.0,5923.415099538125,2306.5484278141557,3,0,0.0
yandun,tcn,high,5000.0,0.05,4.0,6139.890571838613,2361.0250071331848,3,0,0.0
yandun,tcn,high,5000.0,0.1,1.0,6031.555066612976,2486.3769053252477,3,0,0.0
yandun,tcn,high,5000.0,0.1,2.0,6583.064017362866,2412.251795816172,3,0,0.0
yandun,tcn,high,5000.0,0.1,4.0,7191.695472933393,2598.4884974706497,3,0,0.0
yandun,tcn,high,5000.0,0.2,1.0,6825.966212510873,2364.2725531081387,3,0,0.0
yandun,tcn,high,5000.0,0.2,2.0,7034.1835877215535,1524.569648068419,3,0,0.0
yandun,tcn,high,5000.0,0.2,4.0,9752.840755489056,2633.641949037052,3,0,0.0
yandun,tcn,low,0.0,0.0,0.0,1988.7715530116402,564.4384934955893,3,0,0.0
yandun,tcn,low,0.0,0.05,1.0,2124.761173208178,597.366094800231,3,0,0.0
yandun,tcn,low,0.0,0.05,2.0,2203.1518034699498,604.4009107922055,3,0,0.0
yandun,tcn,low,0.0,0.05,4.0,2220.907854998714,624.678341080846,3,0,0.0
yandun,tcn,low,0.0,0.1,1.0,2224.048474612175,612.0693388986298,3,0,0.0
yandun,tcn,low,0.0,0.1,2.0,2300.0626809394107,627.0193772937246,3,0,0.0
yandun,tcn,low,0.0,0.1,4.0,2353.6669909579105,673.0419873059907,3,0,0.0
yandun,tcn,low,0.0,0.2,1.0,2316.596041900468,624.6989439191398,3,0,0.0
yandun,tcn,low,0.0,0.2,2.0,2381.5882212229367,660.4299364112692,3,0,0.0
yandun,tcn,low,0.0,0.2,4.0,2474.936055170703,711.3169090763876,3,0,0.0
yandun,tcn,low,1000.0,0.0,0.0,1294.9165028087293,601.050104487295,3,0,0.0
yandun,tcn,low,1000.0,0.05,1.0,1481.363266445621,607.2574356949783,3,0,0.0
yandun,tcn,low,1000.0,0.05,2.0,1577.819909730851,562.8862603434121,3,0,0.0
yandun,tcn,low,1000.0,0.05,4.0,1620.7325661580246,575.3442124819031,3,0,0.0
yandun,tcn,low,1000.0,0.1,1.0,1598.9978209981412,595.7940393127421,3,0,0.0
yandun,tcn,low,1000.0,0.1,2.0,1707.6623820887678,587.386996731766,3,0,0.0
yandun,tcn,low,1000.0,0.1,4.0,1830.582332464731,630.8312278172209,3,0,0.0
yandun,tcn,low,1000.0,0.2,1.0,1755.8867179592041,572.8948593321843,3,0,0.0
yandun,tcn,low,1000.0,0.2,2.0,1800.4986638211274,419.75436195014026,3,0,0.0
yandun,tcn,low,1000.0,0.2,4.0,2347.0963851921865,638.7588793872657,3,0,0.0
yandun,tcn,low,5000.0,0.0,0.0,-1480.5036980029133,1430.5930374027848,3,3,1.0
yandun,tcn,low,5000.0,0.05,1.0,-1092.2283606045992,1412.6792702948967,3,2,0.6666666666666666
yandun,tcn,low,5000.0,0.05,2.0,-923.5076652255302,1084.4549031959043,3,2,0.6666666666666666
yandun,tcn,low,5000.0,0.05,4.0,-779.9685892047297,1020.7518583004198,3,2,0.6666666666666666
yandun,tcn,low,5000.0,0.1,1.0,-901.2047934579847,1335.6605938592436,3,2,0.6666666666666666
yandun,tcn,low,5000.0,0.1,2.0,-661.9388133138249,960.1575860350969,3,2,0.6666666666666666
yandun,tcn,low,5000.0,0.1,4.0,-261.7563015079795,727.0689911676401,3,1,0.3333333333333333
yandun,tcn,low,5000.0,0.2,1.0,-486.9505778058495,1178.9611096564286,3,2,0.6666666666666666
yandun,tcn,low,5000.0,0.2,2.0,-523.8595657861115,567.7725403457807,3,3,1.0
yandun,tcn,low,5000.0,0.2,4.0,1835.7377052781133,378.10115900529325,3,0,0.0
yandun,timesnet,base,0.0,0.0,0.0,1982.8497842991037,777.9403987572017,3,0,0.0
yandun,timesnet,base,0.0,0.05,1.0,2209.9781324901965,799.3961587435658,3,0,0.0
yandun,timesnet,base,0.0,0.05,2.0,2229.3947474533256,798.0462633287193,3,0,0.0
yandun,timesnet,base,0.0,0.05,4.0,2143.8918233878508,747.2459165997831,3,0,0.0
yandun,timesnet,base,0.0,0.1,1.0,2282.9552049080653,771.1926145675602,3,0,0.0
yandun,timesnet,base,0.0,0.1,2.0,2231.3093455081384,712.0042351432153,3,0,0.0
yandun,timesnet,base,0.0,0.1,4.0,2046.849042369374,683.4767676082756,3,0,0.0
yandun,timesnet,base,0.0,0.2,1.0,2264.893845704841,745.7645888306077,3,0,0.0
yandun,timesnet,base,0.0,0.2,2.0,2142.3801156216527,668.0844633937821,3,0,0.0
yandun,timesnet,base,0.0,0.2,4.0,1721.4889667137456,711.4645843983603,3,0,0.0
yandun,timesnet,base,1000.0,0.0,0.0,3920.810608911248,1797.8050610783678,3,0,0.0
yandun,timesnet,base,1000.0,0.05,1.0,4187.181239632952,1802.3979350950704,3,0,0.0
yandun,timesnet,base,1000.0,0.05,2.0,4054.730714463505,1738.7397483082339,3,0,0.0
yandun,timesnet,base,1000.0,0.05,4.0,3641.8194116305917,1500.799843764989,3,0,0.0
yandun,timesnet,base,1000.0,0.1,1.0,4257.948900367343,1811.6857499131575,3,0,0.0
yandun,timesnet,base,1000.0,0.1,2.0,3938.3910459140457,1505.209044543306,3,0,0.0
yandun,timesnet,base,1000.0,0.1,4.0,3304.239805804568,1286.880334409677,3,0,0.0
yandun,timesnet,base,1000.0,0.2,1.0,4254.06599104911,1616.3042531602905,3,0,0.0
yandun,timesnet,base,1000.0,0.2,2.0,3649.5561645783732,1137.854393186556,3,0,0.0
yandun,timesnet,base,1000.0,0.2,4.0,2614.1321140702407,1078.236605467227,3,0,0.0
yandun,timesnet,base,5000.0,0.0,0.0,11672.653907359823,6140.732650256523,3,0,0.0
yandun,timesnet,base,5000.0,0.05,1.0,12095.993668203964,6232.105017308167,3,0,0.0
yandun,timesnet,base,5000.0,0.05,2.0,11378.842019812642,5872.266975235403,3,0,0.0
yandun,timesnet,base,5000.0,0.05,4.0,10552.814936960678,5838.95466213112,3,0,0.0
yandun,timesnet,base,5000.0,0.1,1.0,12157.923682204453,6368.978521148703,3,0,0.0
yandun,timesnet,base,5000.0,0.1,2.0,11260.513565562833,5486.076064382455,3,0,0.0
yandun,timesnet,base,5000.0,0.1,4.0,8333.802859545356,3971.254642720215,3,0,0.0
yandun,timesnet,base,5000.0,0.2,1.0,12210.754572426189,5690.6418856250775,3,0,0.0
yandun,timesnet,base,5000.0,0.2,2.0,10933.210083714866,5801.441792958601,3,0,0.0
yandun,timesnet,base,5000.0,0.2,4.0,6184.704703496202,3122.23319059166,3,0,0.0
yandun,timesnet,high,0.0,0.0,0.0,3965.6995685982074,1555.8807975144018,3,0,0.0
yandun,timesnet,high,0.0,0.05,1.0,4455.352890672509,1602.1580329497588,3,0,0.0
yandun,timesnet,high,0.0,0.05,2.0,4497.212086567045,1599.2529622504408,3,0,0.0
yandun,timesnet,high,0.0,0.05,4.0,4310.241354192133,1488.7920980135796,3,0,0.0
yandun,timesnet,high,0.0,0.1,1.0,4612.6800857551925,1541.508324022372,3,0,0.0
yandun,timesnet,high,0.0,0.1,2.0,4501.339661594301,1413.890812209308,3,0,0.0
yandun,timesnet,high,0.0,0.1,4.0,4092.053533519776,1344.699988833299,3,0,0.0
yandun,timesnet,high,0.0,0.2,1.0,4573.742610070315,1486.7426771067421,3,0,0.0
yandun,timesnet,high,0.0,0.2,2.0,4295.207915099443,1307.1902193652436,3,0,0.0
yandun,timesnet,high,0.0,0.2,4.0,3387.197542454265,1401.9920226287607,3,0,0.0
yandun,timesnet,high,1000.0,0.0,0.0,5903.660393210349,2544.8273489226576,3,0,0.0
yandun,timesnet,high,1000.0,0.05,1.0,6432.555997815262,2556.8499734646693,3,0,0.0
yandun,timesnet,high,1000.0,0.05,2.0,6322.5480535772285,2491.0933455546087,3,0,0.0
yandun,timesnet,high,1000.0,0.05,4.0,5808.168942434871,2206.8568603955764,3,0,0.0
yandun,timesnet,high,1000.0,0.1,1.0,6587.673781214471,2536.197514954419,3,0,0.0
yandun,timesnet,high,1000.0,0.1,2.0,6208.421362000212,2150.025612991175,3,0,0.0
yandun,timesnet,high,1000.0,0.1,4.0,5349.444296954971,1919.1553701293712,3,0,0.0
yandun,timesnet,high,1000.0,0.2,1.0,6562.91475541459,2286.4521788059124,3,0,0.0
yandun,timesnet,high,1000.0,0.2,2.0,5802.3839640561555,1685.5331469813393,3,0,0.0
yandun,timesnet,high,1000.0,0.2,4.0,4279.840689810757,1717.442341841632,3,0,0.0
yandun,timesnet,high,5000.0,0.0,0.0,13655.503691658916,6831.289651642147,3,0,0.0
yandun,timesnet,high,5000.0,0.05,1.0,14341.368426386283,6897.234643165934,3,0,0.0
yandun,timesnet,high,5000.0,0.05,2.0,14062.172759274146,6940.11944758114,3,0,0.0
yandun,timesnet,high,5000.0,0.05,4.0,13003.03029555466,6692.7599911470425,3,0,0.0
yandun,timesnet,high,5000.0,0.1,1.0,14487.648563051584,7013.437875813803,3,0,0.0
yandun,timesnet,high,5000.0,0.1,2.0,13701.369648924358,6229.549101412157,3,0,0.0
yandun,timesnet,high,5000.0,0.1,4.0,10379.007350695741,4532.332165996315,3,0,0.0
yandun,timesnet,high,5000.0,0.2,1.0,14519.603336791666,6232.460978011371,3,0,0.0
yandun,timesnet,high,5000.0,0.2,2.0,11831.088159883031,4226.325648379752,3,0,0.0
yandun,timesnet,high,5000.0,0.2,4.0,7850.413279236724,3584.1053403451806,3,0,0.0
yandun,timesnet,low,0.0,0.0,0.0,991.4248921495519,388.97019937859994,3,0,0.0
yandun,timesnet,low,0.0,0.05,1.0,1087.290753399038,398.0175485839765,3,0,0.0
yandun,timesnet,low,0.0,0.05,2.0,1095.4860778964637,397.4457845762126,3,0,0.0
yandun,timesnet,low,0.0,0.05,4.0,1060.7170579857102,376.5403965757903,3,0,0.0
yandun,timesnet,low,0.0,0.1,1.0,1118.0927644845021,386.05383277731573,3,0,0.0
yandun,timesnet,low,0.0,0.1,2.0,1096.294187465053,361.07940351280155,3,0,0.0
yandun,timesnet,low,0.0,0.1,4.0,1024.2467967941732,352.95769251824254,3,0,0.0
yandun,timesnet,low,0.0,0.2,1.0,1110.4694635221015,375.301134869463,3,0,0.0
yandun,timesnet,low,0.0,0.2,2.0,1065.966215882762,348.727661601007,3,0,0.0
yandun,timesnet,low,0.0,0.2,4.0,888.634678843487,366.4260930464513,3,0,0.0
yandun,timesnet,low,1000.0,0.0,0.0,2929.3857167616948,1436.6540594589926,3,0,0.0
yandun,timesnet,low,1000.0,0.05,1.0,3064.493860541792,1444.8316177263982,3,0,0.0
yandun,timesnet,low,1000.0,0.05,2.0,3006.1369591529506,1456.2316154966836,3,0,0.0
yandun,timesnet,low,1000.0,0.05,4.0,2792.611223580366,1393.1208815468735,3,0,0.0
yandun,timesnet,low,1000.0,0.1,1.0,3093.086459943781,1467.0424030678041,3,0,0.0
yandun,timesnet,low,1000.0,0.1,2.0,2931.91467633978,1313.421946381169,3,0,0.0
yandun,timesnet,low,1000.0,0.1,4.0,2281.6375602293706,985.1346355645541,3,0,0.0
yandun,timesnet,low,1000.0,0.2,1.0,3099.641608866373,1310.16524837974,3,0,0.0
yandun,timesnet,low,1000.0,0.2,2.0,2573.1422648394832,909.9652613039982,3,0,0.0
yandun,timesnet,low,1000.0,0.2,4.0,1781.2778261999763,791.7532964389497,3,0,0.0
yandun,timesnet,low,5000.0,0.0,0.0,10681.22901521027,5803.751417711405,3,0,0.0
yandun,timesnet,low,5000.0,0.05,1.0,10973.306289112807,5912.368254855655,3,0,0.0
yandun,timesnet,low,5000.0,0.05,2.0,9874.958199279601,6174.133604729526,3,0,0.0
yandun,timesnet,low,5000.0,0.05,4.0,9327.707257663691,5414.608797440834,3,0,0.0
yandun,timesnet,low,5000.0,0.1,1.0,11327.744139148048,6243.349917050337,3,0,0.0
yandun,timesnet,low,5000.0,0.1,2.0,10040.085523882066,5142.642867979698,3,0,0.0
yandun,timesnet,low,5000.0,0.1,4.0,7311.200613970145,3703.1412543176616,3,0,0.0
yandun,timesnet,low,5000.0,0.2,1.0,11056.330190243449,5437.382484918426,3,0,0.0
yandun,timesnet,low,5000.0,0.2,2.0,9742.138251482525,5543.452448073366,3,0,0.0
yandun,timesnet,low,5000.0,0.2,4.0,5351.850415625944,2925.3018159577673,3,0,0.0
